Software,Version Info
actc,"aces: 1.1
anvil: 0.2.0
faster: 1.1"
antlr,"aces: 2.7.7-Java-11
faster: 2.7.7-Java-11"
aocc,"aces: 4.0.0
anvil: 3.1.0
bridges-2: 2.2.0, 2.3.0
delta: 4.1.0
expanse: io3s466
faster: 3.1.0
jetstream: aocc-compiler-4.0.0"
apr,"aces: 1.7.0
faster: 1.7.0"
apr-util,"aces: 1.6.1
faster: 1.6.1"
ase,"aces: 3.20.1, 3.22.1
faster: 3.20.1"
atk,"aces: 2.36.0, 2.38.0
faster: 2.34.1, 2.36.0, 2.38.0"
abseil,"aces: 20230125.2, 20230125.3, 20230802.1
faster: 20210324.2, 20230125.2, 20230125.3, 20230802.1"
alphafold,"aces: 2.3.2-CUDA-11.8.0
anvil: 2.1.1, 2.2.0, 2.2.3, 2.3.0, 2.3.1
faster: 2.1.1, 2.2.2-CUDA-11.3.1"
alphapickle,"aces: 1.4.1
faster: 1.4.1"
ambertools,"aces: 22.3
faster: 21.12"
anaconda3,"aces: 2021.11, 2022.05, 2022.10, 2023.03-1, 2023.07-2, 2024.02-1
bridges-2: 2020.07, 2020.11, 2022.10
expanse: kfluefz, q4munrg
faster: 2020.11, 2021.05, 2021.11, 2022.05, 2022.10, 2023.03-1, 2023.07-2, ..."
armadillo,"aces: 11.4.3, 12.6.2
delta: 12.4.0
expanse: 9.800.3-openblas
faster: 10.7.5, 11.4.3, 12.6.2"
arrow,"aces: 8.0.0, 11.0.0
faster: 0.17.1, 6.0.0, 8.0.0"
autoconf,"aces: 2.69, 2.71
faster: 2.69, 2.71"
automake,"aces: 1.16.2, 1.16.3, 1.16.4, 1.16.5
faster: 1.16.1, 1.16.2, 1.16.3, 1.16.4, 1.16.5"
autotools,"aces: 20200321, 20210128, 20210726, 20220317
faster: 20180311, 20200321, 20210128, 20210726, 20220317
kyric: autotools"
bbmap,"aces: 38.90
anvil: 38.93, 38.96
bridges-2: 39.01
faster: 38.90, 38.96"
bedtools,"aces: 2.31.0
anvil: 2.30.0, 2.31.0
bridges-2: 2.29.2, 2.30.0
faster: 2.30.0"
blast+,"aces: 2.13.0, 2.14.1
faster: 2.9.0, 2.12.0, 2.13.0"
blis,"aces: 0.8.1, 0.9.0
anvil: 0.8.1
faster: 0.8.0, 0.8.1, 0.9.0, 2.2-amd, 3.1-amd"
bwa,"aces: 0.7.17
anvil: 0.7.17
bridges-2: 0.7.3a
expanse: 0.7.17
faster: 0.7.17"
bamtools,"aces: 2.5.2
anvil: 2.5.1, 2.5.2
bridges-2: 2.5.1
expanse: 2.5.1
faster: 2.5.2"
bazel,"aces: 3.7.2, 4.2.2, 5.1.1, 6.3.1
bridges-2: 3.7.1
faster: 0.26.1, 0.29.1, 2.0.0, 3.6.0, 3.7.2, 4.2.2, 5.1.1, 6.3.1"
beautifulsoup,"aces: 4.10.0, 4.11.1, 4.12.2
faster: 4.10.0"
bioperl,"aces: 1.7.8
faster: 1.7.2, 1.7.8"
biopython,"aces: 1.79, 1.81, 1.82
anvil: 1.70-np112py27, 1.70-np112py36, 1.78
faster: 1.75-Python-3.7.4, 1.78, 1.79"
bison,"aces: 3.3.2, 3.7.1, 3.7.6, 3.8.2
faster: 3.0.4, 3.0.5, 3.3.2, 3.5.3, 3.7.1, 3.7.6, 3.8.2"
blender,"aces: 3.5.0-linux-x86_64-CUDA-11.7.0
faster: 3.0.0-linux-x64, 3.1.2-linux-x64"
blosc2,"aces: 2.4.3
faster: 2.4.3"
boost,"aces: 1.76.0, 1.77.0, 1.79.0, 1.81.0, 1.82.0, 1.83.0
anvil: 1.74.0
bridges-2: 1.75-gcc10.2.0, 1.75.0-intel20.4
delta: 1.83.0
expanse: bbnd4wn, ckwq57r, ...
faster: 1.71.0, 1.72.0, 1.74.0, 1.76.0, 1.77.0, 1.79.0, 1.81.0, 1.82.0
kyric: 1.73.0"
boost.mpi,aces: 1.79.0
boost.python,"aces: 1.79.0, 1.81.0, 1.83.0
faster: 1.71.0, 1.76.0, 1.77.0, 1.81.0"
brotli,"aces: 1.0.9
faster: 1.0.9"
brotli-python,aces: 1.0.9
brunsli,"aces: 0.1
faster: 0.1"
cd-hit,"aces: 4.8.1
anvil: 4.8.1
faster: 4.8.1"
cdo,"aces: 2.0.5
anvil: 1.9.9
delta: 2.4.0
faster: 1.9.10"
cesm-deps,"aces: 2
faster: 2"
cfitsio,"aces: 4.2.0, 4.3.0
faster: 3.49, 4.2.0, 4.3.0"
cgal,"aces: 4.14.3, 5.6
expanse: axpdrof, jrg6ven, lnidf3a
faster: 4.14.3-Python-3.8.2, 4.14.3, 5.2"
cgns,aces: 4.4.0
clhep,"aces: 2.4.6.2
faster: 2.4.5.1, 2.4.6.4"
clip,aces: 20230220-CUDA-11.7.0
cmake,"aces: 3.18.4, 3.20.1, 3.21.1, 3.22.1, 3.23.1, 3.24.3, 3.26.3, 3.27.6
anvil: 3.20.0
delta: 3.20.2, 3.27.9
expanse: bpzre3q, rc2aosa, ...
faster: 3.11.4, 3.15.3, 3.16.4, 3.18.4, 3.20.1, 3.21.1, 3.22.1, 3.23.1, 3.24.3, 3.26.3, 3.27.6
kyric: 3.16.2"
cp2k,"aces: 9.1-lib, 9.1, 2022.1-lib, 2022.1, 2023.1-CUDA-11.8.0, 2023.1-lib, 2023.1-PLUMED-2.9.0, 2023.1
anvil: 8.2
bridges-2: 7.1-intel, 8.1-gcc10.2.0-openmpi4.0.5, ...
expanse: ub7xgkh-omp
faster: 8.2, 2023.1-CUDA-11.8.0"
cuda,"aces: 11.1.1, 11.3.1, 11.4.1, 11.7.0, 11.8.0, 12.0.0, 12.1.0, 12.1.1, 12.2.0, 12.2.2, 12.3.0, 12.3.2
anvil: 11.0.3, 11.2.2, 11.4.2, 12.0.1
bridges-2: 9.2.0, 10.0.0, 10.2.0, 11.7.1, 12.4.0
delta: 11.3.1, 11.7.0, 11.8.0.testing, 11.8.0, ...
expanse: blza2ps, ouuq5zm
faster: 10.1.243, 11.0.2, 11.1.1, 11.2.2, 11.3.1, 11.4.1, 11.4.2, 11.5.0, 11.6.0, 11.7.0, 11.8.0, 12.0.0, ..."
cuda-samples,"aces: 12.1-CUDA-12.1.1
faster: 12.1-CUDA-12.1.1"
cudacore,"aces: 11.1.1
faster: 11.0.2, 11.1.1, 11.4.1"
cunit,"aces: 2.1-3
faster: 2.1-3"
cartopy,"aces: 0.20.3, 0.22.0
faster: 0.20.0, 0.20.3, 0.22.0"
catch2,"aces: 3.4.0
faster: 2.13.9, 3.4.0"
chameleon,aces: 1.2.0
check,"aces: 0.15.2
faster: 0.15.2"
chimerax,"aces: 1.3, 1.6.1, 1.7.1
faster: 1.2.5, 1.4, 1.5, 1.6.1, 1.7"
clang,"aces: 13.0.1, 15.0.5, 16.0.6
faster: 11.0.1, 12.0.1, 13.0.1-CUDA-11.4.1, 13.0.1, 16.0.6"
climetlab,aces: 0.12.6
colabfold,"aces: 1.5.2-CUDA-11.7.0
faster: 1.3.0-CUDA-11.3.1"
coordgenlibs,"aces: 3.0.1
faster: 3.0.1"
cryosparc,aces: 4.2.1
cupy,"aces: 11.4.0-CUDA-11.4.1
faster: 11.4.0-CUDA-11.4.1"
cubegui,aces: 4.8.2
cubelib,"aces: 4.8.1, 4.8.2"
cubewriter,aces: 4.8.2
cython,"aces: 0.29.33, 3.0.7
faster: 0.29.22, 0.29.30, 0.29.33, 3.0a5, 3.0.7"
db,"aces: 18.1.40
faster: 18.1.32, 18.1.40"
dbcsr,"aces: 2.5.0, 2.6.0
faster: 2.5.0"
dbus,"aces: 1.13.18, 1.14.0, 1.15.2, 1.15.4
faster: 1.13.12, 1.13.18, 1.14.0, 1.15.2, 1.15.4"
dcmtk,"aces: 3.6.7
faster: 3.6.7"
dorado,"aces: 0.5.2-CUDA-11.8.0
bridges-2: 0.6.0"
doxygen,"aces: 1.8.20, 1.9.1, 1.9.4, 1.9.5, 1.9.7, 1.9.8
expanse: 1.8.17
faster: 1.8.14, 1.8.16, 1.8.17, 1.8.20, 1.9.1, 1.9.4, 1.9.5, 1.9.7, 1.9.8"
draco,"aces: 1.5.6
faster: 1.5.6"
elpa,"aces: 2021.11.001, 2022.05.001-CUDA-11.8.0, 2022.05.001, 2023.05.001
expanse: eq4324u, fyc633z
faster: 2021.05.001, 2021.11.001, 2022.05.001CUDA-11.8.0"
esmf,"aces: 8.0.1, 8.1.1, 8.3.0
expanse: nvkj3wb
faster: 8.1.1, 8.2.0, 8.3.0"
easybuild,"aces: 4.7.1, 4.8.0, 4.8.2, 4.9.0
faster: 4.5.1, 4.5.4, 4.5.5, 4.6.0, 4.6.2, 4.7.0, 4.7.1, 4.7.2, 4.8.2
kyric: 4.3.0"
easybuild-aces,aces: 0
easybuild-aces-scratch,aces: 0
easybuild-aces-myeb,aces: 0
easybuild-aces-tmp,aces: 0
eigen,"aces: 3.3.8, 3.3.9, 3.4.0
anvil: 3.3.9
expanse: aoih524, rarzo6s, ...
faster: 3.3.7, 3.3.8, 3.3.9, 3.4.0"
emacs,"aces: 27.2, 28.2
anvil: 27.2"
fftw,"aces: 3.3.8, 3.3.9, 3.3.10
anvil: 2.1.5, 3.3.8
bridges-2: 3.3.8
delta: 3.3.10
expanse: bmvqsbr, cesmlwb, ...
faster: 3.3.8, 3.3.9, 3.3.10"
fftw.mpi,"aces: 3.3.10
faster: 3.3.10"
ffmpeg,"aces: 4.3.2, 4.4.2, 5.1.2, 6.0
anvil: 4.2.2
bridges-2: 4.3.1
expanse: vac6d7f, w7ehiyr
faster: 4.2.2, 4.3.1, 4.3.2, 4.4.2, 5.0.1, 5.1.2, 6.0"
flac,"aces: 1.3.3, 1.3.4, 1.4.2
faster: 1.3.3, 1.3.4, 1.4.2"
fltk,"aces: 1.3.8
faster: 1.3.5, 1.3.7, 1.3.8"
fastqc,"aces: 0.11.9-Java-11
anvil: 0.11.9, 0.12.1
bridges-2: 0.11.9
expanse: 0.11.7
faster: 0.11.9-Java-11"
fasttree,"aces: 2.1.11
anvil: 2.1.10, 2.1.11
expanse: 2.1.10
faster: 2.1.11"
fiona,"aces: 1.8.21, 1.9.2, 1.9.5
faster: 1.8.16-Python-3.8.2, 1.8.20, 1.8.21, 1.9.5"
firefox,"aces: 118.0.2, 124.0.1
faster: 44.0.2, 114.0b9, 118.0.2"
flask,"aces: 1.1.2, 2.2.2
faster: 1.1.2, 2.0.2, 2.2.2"
flexiblas,"aces: 3.0.4, 3.2.0, 3.2.1, 3.3.1
delta: 3.3.0
faster: 3.0.4, 3.2.0, 3.2.1, 3.3.1"
freexl,"aces: 1.0.6
faster: 1.0.6"
fribidi,"aces: 1.0.10, 1.0.12
faster: 1.0.5, 1.0.9, 1.0.10, 1.0.12"
gatk,"aces: 4.4.0.0-Java-17
anvil: 3.8, 4.1.8.1
bridges-2: 4.1.9.0
expanse: ybsfk6k
faster: 4.2.0.0-Java-1.8, 4.2.5.0-Java-11"
gcc,"aces: 8.3.0, 10.2.0, 10.3.0, 11.2.0, 11.3.0, 12.2.0, 12.3.0, 13.1.0, 13.2.0
anvil: 8.4.1, 11.2.0-openacc, 11.2.0
bridges-2: 10.2.0, 13.2.1-p20240113
delta: 11.4.0
expanse: xiuwkua
faster: 7.3.0-2.30, 8.3.0, 9.3.0, 10.2.0, 10.3.0, 11.2.0, 11.3.0, 12.1.0, 12.2.0, 12.3.0, 13.1.0, 13.2.0"
gcccore,"aces: 8.3.0, 10.2.0, 10.3.0, 11.2.0, 11.3.0, 12.2.0, 12.3.0, 13.1.0, 13.2.0
faster: 7.3.0, 8.2.0, 8.3.0, 9.2.0, 9.3.0, 10.2.0, 10.3.0, 11.2.0, 11.3.0, 12.1.0, ..."
gconf,"aces: 3.2.6
faster: 3.2.6"
gdal,"aces: 3.2.1, 3.3.0, 3.3.2, 3.5.0, 3.6.2, 3.7.1
anvil: 2.4.4, 3.2.0
expanse: myvhqxy
faster: 3.0.4-Python-3.8.2, 3.2.1, 3.3.0, 3.3.2, 3.5.0, 3.6.2, 3.7.1"
gdb,"aces: 13.2
anvil: 11.1
expanse: am633ff, vcxzknn, xs4oifw
faster: 13.2"
gdrcopy,"aces: 2.1-CUDA-11.1.1, 2.2, 2.3, 2.3.1, 2.4
delta: 2.3
faster: 2.1-CUDA-11.0.2, 2.1-CUDA-11.1.1, 2.2, 2.3, 2.3.1"
geos,"aces: 3.9.1, 3.10.3, 3.11.1, 3.12.0
anvil: 3.8.1, 3.9.1
expanse: ad5oco3
faster: 3.8.1-Python-3.8.2, 3.9.1, 3.10.3, 3.11.1, 3.12.0"
gklib,"aces: 5.1.1, 20231211, 20240119, 20240321, 20240329"
gl2ps,"aces: 1.4.2
faster: 1.4.2"
glfw,"aces: 3.3.8
faster: 3.3.4, 3.3.8"
glm,"aces: 0.9.9.8
delta: 0.9.9.8"
glpk,"aces: 5.0
expanse: 2266fla
faster: 4.65, 5.0"
glib,"aces: 2.66.1, 2.68.2, 2.69.1, 2.72.1, 2.75.0, 2.77.1
faster: 2.62.0, 2.64.1, 2.66.1, 2.68.2, 2.69.1, 2.72.1, 2.75.0, 2.77.1"
gmp,"aces: 6.2.0, 6.2.1, 6.3.0
anvil: 6.2.1
expanse: 6.1.2
faster: 6.1.2, 6.2.0, 6.2.1"
gobject-introspection,"aces: 1.68.0, 1.72.0, 1.74.0, 1.76.1
faster: 1.63.1-Python-3.7.4, 1.64.0-Python-3.8.2, 1.66.1, ..."
gpflow,"aces: 2.9.0-CUDA-11.7.0-TensorFlow-2.11.0, 2.9.0-CUDA-11.7.0
faster: 2.9.0-CUDA-11.7.0-TensorFlow-2.11.0"
grass,"aces: 8.2.0, 8.3.1
faster: 8.2.0"
gromacs,"aces: 2021.5-CUDA-11.4.1-PLUMED-2.8.0, 2023.1-CUDA-11.7.0, 2023.1-CUDA-12.2.0, 2023.3-CUDA-11.8.0, ...
anvil: 2020.2, 2021, 2021.2, 2021.3
bridges-2: 2018, 2020.2-cpu, 2020.4-gpu
delta: 2022.5.cuda, 2022.5.x86_64
expanse: rspmhnj-omp, sbq2qrc-omp
faster: 2020.5-RAMD-2.0, 2021-constantph-2022.05.25, 2021, 2021.3, 2021.5-CUDA-11.4.1-PLUMED-2.8.0, ..."
gsl,"aces: 2.6, 2.7
anvil: 2.4
delta: 2.7.1
expanse: aji2yx5, gfpesxa, ix3kgnc, ...
faster: 2.6, 2.7"
gst-plugins-bad,"aces: 1.20.2
faster: 1.20.2"
gst-plugins-base,"aces: 1.18.5, 1.20.2, 1.22.1
faster: 1.16.2, 1.18.4, 1.18.5, 1.20.2, 1.22.1"
gstreamer,"aces: 1.18.5, 1.20.2, 1.22.1, 1.22.5
anvil: 1.16.1
faster: 1.16.2, 1.18.4, 1.18.5, 1.20.2, 1.22.1"
gtk2,"aces: 2.24.33
faster: 2.24.33"
gtk3,"aces: 3.24.31, 3.24.35, 3.24.37
faster: 3.24.31, 3.24.33, 3.24.35, 3.24.37"
gtk4,"aces: 4.7.0
faster: 4.7.0"
gts,"aces: 0.7.6
faster: 0.7.6"
gdk-pixbuf,"aces: 2.42.6, 2.42.8, 2.42.10
faster: 2.38.2, 2.40.0, 2.42.0, 2.42.6, 2.42.8, 2.42.10"
geant4,aces: 11.1.2
geant4-data,aces: 11.1
generativemodels,aces: 0.2.1-CUDA-11.7.0
ghostscript,"aces: 9.54.0, 9.56.1, 10.0.0, 10.01.2
anvil: 9.56.1
faster: 9.52, 9.53.3, 9.54.0, 9.56.1, 10.0.0, 10.01.2"
globalarrays,"aces: 5.8.2
faster: 5.8, 5.8.2"
globus-cli,"aces: 3.6.0
faster: 3.6.0"
gnutls,"aces: 3.7.3
faster: 3.7.3"
go,"aces: 1.18.3
expanse: 1.15.1
faster: 1.17.6, 1.18.3, 1.19.1, 1.20.5, 1.21.2"
graphblas,aces: 8.2.1
graphene,"aces: 1.10.8
faster: 1.10.8"
graphicsmagick,"aces: 1.3.36
faster: 1.3.36"
graphviz,"aces: 5.0.0
expanse: rsjj7kb
faster: 2.47.2, 2.50.0, 8.1.0"
greenlet,aces: 2.0.2
guile,"aces: 3.0.7
faster: 1.8.8, 3.0.7"
hdf,"aces: 4.2.15, 4.2.16-2
anvil: 4.2.15
expanse: 4.2.15
faster: 4.2.15, 4.2.16-2"
hdf-eos,aces: 2.20
hdf-eos5,aces: 1.16
hdf5,"aces: 1.10.7, 1.12.1, 1.12.2, 1.14.0, 1.14.2, 1.14.3
anvil: 1.10.7
bridges-2: 1.10.7-gcc10.2.0, 1.12.0-intel20.4
delta: 1.14.3
expanse: butdr5c, e27q55q, ...
faster: 1.10.2, 1.10.5, 1.10.6, 1.10.7, 1.12.1, 1.12.2, 1.13.1, 1.14.0, 1.14.3"
hh-suite,"aces: 3.3.0
faster: 3.3.0"
hisat2,"aces: 2.2.1
anvil: 2.2.1
bridges-2: 2.2.1
expanse: qip6jby
faster: 2.2.1"
hmmer,"aces: 3.3.2
anvil: 3.3.2
bridges-2: 3.3.1
faster: 3.3.2"
hpc-x,aces: 2.14
hprc_utils,aces: 1.0
htseq,"aces: 2.0.2
anvil: 0.11.2, 0.13.5, 1.99.2, 2.0.1, 2.0.2-py310, 2.0.2
faster: 2.0.2"
htslib,"aces: 1.15.1
anvil: 1.14, 1.15, 1.16, 1.17
bridges-2: 1.13
expanse: 4yylg6i
faster: 1.10.2, 1.12, 1.14, 1.15.1, 1.17"
harfbuzz,"aces: 2.8.1, 2.8.2, 4.2.1, 5.3.1
faster: 2.6.4, 2.6.7, 2.8.1, 2.8.2, 4.2.1, 5.3.1"
highway,"aces: 1.0.3, 1.0.4
faster: 1.0.3, 1.0.4"
horovod,"aces: 0.22.1-CUDA-11.3.1-TensorFlow-2.6.0, 0.28.1-CUDA-11.7.0-TensorFlow-2.11.0, 0.28.1-CUDA-11.7.0-PyTorch-1.12.1
faster: 0.18.2-TensorFlow-1.15.2-Python-3.7.4, 0.22.0-PyTorch-1.8.1, 0.22.1-CUDA-11.3.1-TensorFlow-2.6.0, 0.23.0-TensorFlow-2.5.0, ..."
hyperopt,aces: 0.2.7
hypre,"aces: 2.25.0, 2.27.0, 2.31.0
expanse: hj2esdx, jj2ap7j, ...
faster: 2.18.2, 2.20.0, 2.21.0, 2.24.0, 2.25.0, 2.31.0"
icu,"aces: 67.1, 69.1, 71.1, 72.1, 73.2
faster: 64.2, 66.1, 67.1, 69.1, 71.1, 72.1, 73.2"
iml,aces: 1.0.5
ipython,"aces: 7.26.0, 8.5.0, 8.14.0
faster: 7.15.0-Python-3.8.2, 7.18.1, 7.26.0, 8.5.0"
isa-l,"aces: 2.30.0
faster: 2.30.0"
isl,"aces: 0.26
faster: 0.26"
itk,"aces: 5.2.1
faster: 5.2.1"
igprof,"aces: 5.9.18
faster: 5.9.18"
imagej,"aces: 1.53t-Java-11
faster: 1.54b-Java-1.8"
imagemagick,"aces: 7.0.11-14, 7.1.0-4, 7.1.0-37, 7.1.0-53, 7.1.1-15
delta: 6.9, 7.1.0
expanse: e46spvd, ...
faster: 7.0.10-1, 7.0.10-35, 7.0.11-14, 7.1.0-4, 7.1.0-37, 7.1.0-53"
imath,"aces: 3.1.5, 3.1.6, 3.1.7
faster: 3.1.5, 3.1.6, 3.1.7"
jansson,"aces: 2.13.1
faster: 2.13.1"
jasper,"aces: 2.0.24, 2.0.28, 2.0.33, 4.0.0
expanse: 2.0.16
faster: 1.900.1, 2.0.14, 2.0.24, 2.0.28, 2.0.33, 4.0.0"
java,"aces: 1.8.0_371, 11.0.16, 11.0.18, 17.0.6
faster: 1.8.0_281, 1.8.0_292-OpenJDK, 11.0.2, 13.0.2, 15.0.1, 17.0.2"
jmol,"aces: 16.1.59-Java-1.8.0_371, 16.1.59"
jsoncpp,"aces: 1.9.4, 1.9.5
faster: 1.9.3, 1.9.4, 1.9.5"
julia,"aces: 1.8.5-linux-x86_64, 1.9.3-linux-x86_64, 1.10.0-musl-x86_64, 1.10.2-linux-x86_64
anvil: v2.4.2, 1.6.2
bridges-2: 1.5.2
delta: 1.9.0, 1.10.2
expanse: olutp43
faster: 1.6.5-linux-x86_64, 1.7.0-linux-x86_64, 1.7.1-linux-x86_64, 1.7.2-linux-x86_64, 1.8.0-linux-x86_64, 1.9.3-linux-x86_64"
jupyterlab,aces: 4.0.3
jupyternotebook,aces: 7.0.3
kahip,"aces: 3.14, 3.16
faster: 3.14"
kalign,"aces: 3.3.1, 3.3.5, 3.4.0
faster: 3.3.1"
keras,"aces: 2.4.3-TensorFlow-2.5.0
faster: 2.4.3"
kraken2,"aces: 2.1.2
anvil: 2.1.2_fixftp, 2.1.2, 2.1.3
bridges-2: 2.1.2"
lame,"aces: 3.100
faster: 3.100"
lammps,"aces: 2Aug2023_update2-CUDA-11.8.0-sm90, 2Aug2023_update2-intel-2023.07, 3Aug2023-intel-2023.07, 23Jun2022_update4-kokkos-CUDA-11.4.1, ...
anvil: 10Feb2021, 15Jun2020, 29Oct2020, 20210310-kokkos, 20210310
bridges-2: 3Mar20, 14Dec21-intel, 23Jun22-intel, ...
delta: 2022.06.cpu, 2022.06.gpu_cuda, ...
expanse: 7e7qu7z-omp
faster: 3Mar2020-Python-3.8.2-kokkos, 17Nov2016, 23Jun2022-kokkos-CUDA-11.4.1, 29Sep2021-kokkos-sm80-noMP"
lasso-python,aces: 2.0.0
lerc,"aces: 4.0.0
faster: 4.0.0"
llvm,"aces: 10.0.1, 11.1.0, 12.0.1, 13.0.1, 14.0.3, 14.0.6-llvmlite, 14.0.6, 15.0.5, 16.0.6
delta: 15.0.0
faster: 9.0.0, 9.0.1, 10.0.1, 11.0.0, 11.1.0, 12.0.1, 13.0.1, 14.0.3, 14.0.6, 15.0.5, 16.0.6"
lmdb,"aces: 0.9.24, 0.9.28, 0.9.29, 0.9.31
faster: 0.9.24, 0.9.28, 0.9.29"
leptonica,"aces: 1.83.0
faster: 1.83.0"
leveldb,aces: 1.22
libsoup,"aces: 3.0.7
faster: 3.0.7"
libtiff,"aces: 4.1.0, 4.2.0, 4.3.0, 4.4.0, 4.5.0
anvil: 4.1.0
faster: 4.0.10, 4.1.0, 4.2.0, 4.3.0, 4.4.0, 4.5.0"
libint,"aces: 2.7.2-lmax-6-cp2k
faster: 2.6.0-lmax-6-cp2k, 2.7.2-lmax-6-cp2k"
littlecms,"aces: 2.12, 2.13.1, 2.14, 2.15
faster: 2.9, 2.11, 2.12, 2.13.1, 2.14"
lua,"aces: 5.4.4, 5.4.6
expanse: 5.4.4
faster: 5.3.5, 5.4.2, 5.4.3, 5.4.4"
m4,"aces: 1.4.18, 1.4.19
faster: 1.4.17, 1.4.18, 1.4.19"
mafft,"aces: 7.520-with-extensions
anvil: 7.475, 7.490
expanse: 7.453
faster: 7.470-with-extensions, 7.490-with-extensions, 7.505-with-extensions, 7.520-with-extensions"
matio,aces: 1.5.23
metis,"aces: 5.1.0
delta: 5.1.0
expanse: apmmdbv, hdhfvwi, ...
faster: 5.1.0"
mfem,"aces: 70941b4
faster: 4.6, 70941b4"
monai,aces: 1.0.1
mpc,"aces: 1.2.1, 1.3.1
anvil: 1.1.0
faster: 1.1.0, 1.2.1, 1.3.1"
mpfr,"aces: 4.1.0, 4.2.0, 4.2.1
anvil: 3.1.6, 4.0.2
expanse: 4.0.2
faster: 4.0.2, 4.1.0, 4.2.0"
mumps,"aces: 5.5.1-metis, 5.6.1-metis
expanse: mype32d-omp, rn3rgpn-omp, ...
faster: 5.2.1-metis, 5.3.5-metis, 5.4.0-metis, 5.4.1-metis, 5.5.1-metis"
mvapich2-gdr,aces: 2.3.7-GCC-11.2.0-CUDA-11.4.1
magics,aces: 4.13.0
mako,"aces: 1.1.3, 1.1.4, 1.2.0, 1.2.4
faster: 1.1.0, 1.1.2, 1.1.3, 1.1.4, 1.2.0, 1.2.4"
mamba,"aces: 23.1.0-4
faster: 4.14.0-0, 23.1.0-4"
matlab,"aces: R2023a, R2023b
anvil: R2020b, R2021b, R2022a, R2023a
bridges-2: R2019b, R2021a, R2021b, R2022b
expanse: lefe4oq, nmbr5dd
faster: R2021b, R2022b, R2023b
jetstream: R2021a"
maven,"aces: 3.9.6
faster: 3.6.3"
memoryviewer,aces: 1.0
mercurial,"aces: 6.4.5
expanse: qmgrjvl, sgok5dz"
mesa,"aces: 21.1.1, 21.1.7, 22.0.3, 22.2.4-LLVM-14.0.6, 22.2.4, 23.1.4
faster: 19.1.7, 20.0.2, 20.2.1, 21.1.1, 21.1.7, 22.0.3, 22.2.4-LLVM-14.0.6, 22.2.4, 23.1.4"
meson,"aces: 0.55.3, 0.58.0, 0.58.2, 0.62.1, 0.64.0, 1.1.1, 1.2.3
expanse: ljauepv, yjyazzn
faster: 0.55.1-Python-3.8.2, 0.55.3, 0.58.0, 0.58.2, 0.59.1-Python-3.7.4, 0.62.1, 0.64.0, 1.1.1"
miniconda3,"aces: 4.12.0, 22.11.1-1, 23.3.1-0, 23.5.2-0, 23.9.0-0
faster: 4.4.10, 4.7.10, 4.9.2, 4.12.0, 22.11.1-1, 23.3.1-0, 23.5.2-0"
namd,"aces: 2.14-mpi
anvil: 2.14, 3.0-alpha3-singlenode
bridges-2: 2.13-gpu, 2.14-cpu, 3.0b6
delta: 2.14.cuda.smp.s11, 2.14.x86_64.multicore.s11, ...
expanse: awifx3x, dstif4f, ruwh4yb
faster: 2.14"
namd-multicore-cuda,aces: 3.0b3
namd-netlrts-smp-cuda,aces: 3.0b3
namd-verbs-smp-cuda,aces: 3.0b3
nasm,"aces: 2.15.05, 2.16.01
faster: 2.14.02, 2.15.05, 2.16.01"
nccl,"aces: 2.8.3-CUDA-11.1.1, 2.10.3-CUDA-11.3.1, 2.10.3-CUDA-11.4.1, 2.12.12-CUDA-11.7.0, 2.12.12-CUDA-11.8.0, 2.16.2-CUDA-12.0.0, ...
anvil: cuda-11.0_2.11.4, cuda-11.2_2.8.4, cuda-11.4_2.11.4
delta: 2.19.3-1.awsplugin, 2.19.3-1
expanse: vpczqmv, xsmel7a, ...
faster: 2.4.8, 2.8.3-CUDA-11.0.2, 2.8.3-CUDA-11.1.1, 2.10.3-CUDA-11.3.1, 2.10.3-CUDA-11.4.1, 2.11.4-CUDA-11.4.1, ..."
ncl,"aces: 6.6.2
anvil: 6.4.0
expanse: 6.6.2-openblas"
nco,"aces: 5.0.1
anvil: 4.9.3
expanse: sox3sji
faster: 5.0.1, 5.0.3"
nedit,aces: 5.7.7
nlopt,"aces: 2.7.0, 2.7.1
faster: 2.6.1, 2.6.2, 2.7.0, 2.7.1"
nspr,"aces: 4.32, 4.34, 4.35
faster: 4.25, 4.29, 4.30, 4.32, 4.34, 4.35"
nss,"aces: 3.69, 3.79, 3.85, 3.89.1
faster: 3.51, 3.57, 3.65, 3.69, 3.79, 3.85, 3.89.1"
nvhpc,"aces: 21.9, 22.9-CUDA-11.7.0, 22.11-CUDA-11.7.0, 22.11-CUDA-11.8.0, 23.1-CUDA-12.0.0, 23.7-CUDA-12.1.1, 23.7-CUDA-12.2.0, ...
anvil: 20.7, 20.9, 20.11, 21.5, 21.7, 21.9
bridges-2: 20.11, 21.2, 21.5, 21.7, 22.1, ...
delta: 20.7.craype-testing, 22.5, 22.11, ...
expanse: 4xco23d
faster: 20.7, 21.9, 22.7-CUDA-11.7.0, 23.7-CUDA-12.2.0, 24.1-CUDA-12.3.0
jetstream: nvhpc-byo-compiler, nvhpc-nompi, nvhpc"
nvshmem,"aces: 2.8.0-CUDA-11.7.0
faster: 2.8.0-CUDA-11.7.0"
nibabel,aces: 4.0.2
ninja,"aces: 1.10.1, 1.10.2, 1.11.1
expanse: fu3xerf, voyzsjx
faster: 1.9.0, 1.10.0, 1.10.1, 1.10.2, 1.11.1"
onnx,"aces: 1.15.0
faster: 1.11.0"
onnx-runtime,"aces: 1.16.3
faster: 1.10.0-CUDA-11.3.1, 1.10.0"
opari2,aces: 2.0.7
osu-micro-benchmarks,"aces: 7.1-1
delta: 7.3
expanse: buyli2f, ...
faster: 5.7.1-CUDA-11.3.1, 5.9-CUDA-11.3.1, 5.9"
otf2,aces: 3.0.3
openblas,"aces: 0.3.12, 0.3.15, 0.3.18, 0.3.20, 0.3.21, 0.3.23, 0.3.24
anvil: 0.3.17
bridges-2: 0.3.12-gcc10.2.0, 0.3.13-intel20.4
delta: 0.3.25, 0.3.26+openmp
expanse: fgk2tlu, lsmegf6, ...
faster: 0.3.1, 0.3.7, 0.3.12, 0.3.15, 0.3.18, 0.3.20, 0.3.21, 0.3.23, 0.3.24"
openbabel,"aces: 3.1.1
expanse: 3.0.0
faster: 3.1.1"
opencv,"aces: 4.6.0-contrib, 4.6.0-CUDA-11.7.0-contrib
bridges-2: 4.2.0
delta: 4.9.0.x86_64
faster: 4.5.5-contrib, 4.6.0-CUDA-11.7.0-contrib"
openexr,"aces: 3.1.5, 3.1.7
faster: 2.5.5, 3.0.1, 3.1.1, 3.1.5, 3.1.7"
openfoam,"aces: v2206, v2312, 10
anvil: 8-20210316
bridges-2: 6.0
expanse: jz42us2
faster: v2012, v2112, v2206, 8, 10"
openfold,"aces: 1.0.1-CUDA-11.3.1
faster: 1.0.1-CUDA-11.3.1"
openimageio,aces: 2.3.17.0
openjpeg,"aces: 2.4.0, 2.5.0
faster: 2.4.0, 2.5.0"
openmm,"aces: 7.5.1-DeepMind-patch, 7.7.0, 8.0.0-CUDA-11.7.0, 8.0.0-CUDA-11.8.0, 8.0.0
faster: 7.5.0-Python-3.8.2, 7.5.1-DeepMind-patch, 7.7.0"
openmpi,"aces: nostub-4.1.4, 4.0.5, 4.1.1, 4.1.4-CUDA-11.8.0, 4.1.4, 4.1.5, 4.1.6
anvil: 3.1.6, 4.0.6-cu11.0.3, 4.0.6
bridges-2: 3.1.5-nvhpc21.2, 3.1.5-nvhpc21.7, ...
delta: 4.1.5+cuda, 4.1.6, 5.0.1+cuda, ...
expanse: 4.1.5a1
faster: 3.1.1, 3.1.4, 4.0.3, 4.0.5, 4.1.1, 4.1.2, 4.1.3, 4.1.4-CUDA-11.8.0, 4.1.4, ..."
openpgm,"aces: 5.2.122
faster: 5.2.122"
openssl,"aces: 1.1, 1.1.1q, 3.1.5
faster: 1.1, 1.1.1d, 1.1.1e, 1.1.1h, 1.1.1k, 1.1.1n"
openscenegraph,aces: 3.6.5
opensubdiv,aces: 3.6.0
optuna,"aces: 3.1.0
faster: 2.9.1, 2.10.0"
papi,"aces: 7.0.1
anvil: 6.0.0.1
delta: 7.0.1.1
expanse: a6f2xfv, dlskqjh, ...
faster: 7.0.1
kyric: 5.7.0"
pcre,"aces: 8.44, 8.45
faster: 8.43, 8.44, 8.45"
pcre2,"aces: 10.36, 10.37, 10.40, 10.42
faster: 10.34, 10.35, 10.36, 10.37, 10.40, 10.42"
pdal,"aces: 2.4.3, 2.6.0
faster: 2.6.0"
pdt,aces: 3.25.1
petsc,"aces: 3.17.4, 3.19.2, 3.19.2-64bit, 20231020-CUDA-11.8.0, 20231023-CUDA-11.8.0, 20231110-CUDA-11.8.0
anvil: 3.15.3
delta: 3.13.6, 3.20.1
expanse: ax5r6e3, hptjh65-omp, ...
faster: 3.6.2-Python-2.7.16, 3.12.4-Python-3.7.4, 3.15.1, 3.18.4"
plumed,"aces: 2.7.2, 2.7.3, 2.8.0, 2.8.1, 2.9.0
bridges-2: 2.6.2
expanse: fxev5vk, gbcpghx, ...
faster: 2.6.0-Python-3.8.2, 2.7.0, 2.7.2, 2.7.3, 2.8.0, 2.8.1, 2.9.0"
pmix,"aces: 3.1.5, 3.2.3, 4.1.0, 4.1.2, 4.2.2, 4.2.4, 4.2.5, 4.2.6, 5.0.1
faster: 3.1.5, 3.2.3, 4.1.0, 4.1.1, 4.1.2, 4.2.2, 4.2.4, 4.2.6
kyric: 3.1.4"
pov-ray,"aces: 3.7.0.10
faster: 3.7.0.8, 3.7.0.10"
prank,"aces: 170427
faster: 170427"
proj,"aces: 7.2.1, 8.0.1, 8.1.0, 9.0.0, 9.1.1, 9.2.0
anvil: 5.2.0, 6.2.0
delta: 9.2.1
faster: 7.0.0, 7.2.1, 8.0.1, 8.1.0, 9.0.0, 9.1.1, 9.2.0"
prrte,aces: 3.0.2
pythia,aces: 8.309
padicotm,aces: 20220531
pango,"aces: 1.48.5, 1.48.8, 1.50.7, 1.50.12, 1.50.14
faster: 1.44.7, 1.47.0, 1.48.5, 1.48.8, 1.50.7, 1.50.12, 1.50.14"
parmetis,"aces: 4.0.3
delta: 4.0.3
expanse: efd2nv3, fftjkx6, ...
faster: 4.0.3"
parafold,aces: 2.0-CUDA-11.8.0
paraview,"aces: 5.11.1-MPI-Linux64, 5.12.0-MPI-Linux64
anvil: 5.9.1, 5.10.1
delta: 5.10.0gui, 5.11.2.egl.cuda, ...
expanse: tsz7a6r
faster: 5.8.0-Python-3.8.2-mpi, 5.8.1-mpi, 5.9.1-mpi, 5.10.1-mpi, 5.11.0-mpi-cuda"
parabricks,"aces: 4.1.1
anvil: 4.0.0-1
faster: 4.0.1"
perl,"aces: 5.32.0-minimal, 5.32.0, 5.32.1-minimal, 5.32.1, 5.34.0-minimal, 5.34.0, 5.34.1-minimal, 5.34.1, 5.36.0-minimal, ...
expanse: aqkfsad, cofhaae
faster: 5.28.0, 5.30.0-minimal, 5.30.0, 5.30.2-minimal, 5.30.2, 5.32.0-minimal, 5.32.0, 5.32.1-minimal, 5.32.1, ..."
perl-bundle-cpan,"aces: 5.36.1
faster: 5.36.1"
perl-bundle1-cpan,"aces: 5.36.1
faster: 5.36.1"
perl-bundle2-cpan,aces: 5.36.1
pillow,"aces: 8.0.1, 8.2.0, 8.3.2, 9.1.1, 9.4.0, 10.0.0
faster: 6.2.1, 7.0.0-Python-3.8.2, 8.0.1, 8.2.0, 8.3.1, 8.3.2, 9.1.1, 9.4.0, 10.0.0"
pillow-simd,"aces: 9.2.0
faster: 7.1.2, 8.2.0"
pnetcdf,"aces: 1.12.3
faster: 1.12.2, 1.12.3"
postgresql,"aces: 13.4, 15.2
faster: 12.4, 13.4"
ptex,aces: 2.4.2
puk,aces: 20220531
pukabi,aces: 20220531
pycuda,"aces: 2022.2.2-CUDA-11.8.0
faster: 2021.1"
pycairo,"aces: 1.21.0
faster: 1.21.0"
pyfr,"aces: 1.15.0-Python-3.11.5-CUDA-11.8.0, 2.0.0"
pygobject,"aces: 3.42.1
faster: 3.42.1"
pyopengl,"aces: 3.1.6, 3.1.7
faster: 3.1.6"
pyqt5,"aces: 5.15.4
faster: 5.15.4"
pytensor,aces: 2.17.1
pytorch,"aces: 1.10.0-CUDA-11.3.1, 1.12.0-CUDA-11.7.0, 1.12.0, 1.12.1-CUDA-11.3.1, 1.12.1-CUDA-11.7.0, 1.13.1-CUDA-11.7.0, ...
anvil: 20.06-py3, 20.11-py3, 20.12-py3, 21.06-py3, 21.09-py3
faster: 1.7.1, 1.8.1, 1.9.0-imkl, 1.9.0, 1.10.0-CUDA-11.3.1, 1.10.0, 1.12.1-CUDA-11.3.1, 1.12.1, ..."
pytorch-geometric,"aces: 2.1.0-PyTorch-1.12.0-CUDA-11.7.0
faster: 2.0.1-PyTorch-1.9.0"
pytorch-lightning,"aces: 1.7.7-CUDA-11.7.0, 1.8.4
faster: 1.5.9-CUDA-11.3.1, 1.5.9, 1.5.10-CUDA-11.3.1"
pyyaml,"aces: 5.3.1, 5.4.1, 6.0
faster: 5.1.2, 5.3, 5.3.1, 5.4.1, 6.0"
pyzmq,aces: 25.1.1
pysam,"aces: 0.19.1, 0.20.0
anvil: 0.18.0
faster: 0.16.0.1, 0.19.1"
python,"aces: 2.7.18-bare, 2.7.18, 3.8.6, 3.9.5-bare, 3.9.5, 3.9.6-bare, 3.9.6, 3.10.4-bare, 3.10.4, ...
anvil: 3.9.5
bridges-2: 2.7.18, 3.8.6
delta: 3.6.8, 3.7.17, 3.8.18, 3.9.18, ...
expanse: uasyy5n, 7zdjza7
faster: 2.7.15, 2.7.16, 2.7.18-bare, 2.7.18, 3.7.4, 3.8.2, 3.8.6, 3.9.5-bare, 3.9.5, ..."
python-bundle-pypi,"aces: 2023.06, 2023.10
faster: 2023.06"
qca,"aces: 2.3.5
faster: 2.3.5"
qgis,"aces: 3.28.1
faster: 3.28.1"
qiime2,"aces: 2022.11
anvil: 2021.2, 2022.2, 2022.8, 2022.11, 2023.2, 2023.5, 2023.7
faster: 2022.8"
qjson,aces: 0.9.0
qscintilla,"aces: 2.11.6
faster: 2.11.6"
qhull,"aces: 2020.2
expanse: d7f45v7
faster: 2020.2"
qt5,"aces: 5.15.2, 5.15.5, 5.15.7, 5.15.10
faster: 5.14.1, 5.14.2, 5.15.2, 5.15.5, 5.15.7"
qt5webkit,"aces: 5.212.0-alpha4
faster: 5.212.0-alpha4"
qtkeychain,"aces: 0.13.2
faster: 0.13.2, 0.14.2"
quantumespresso,"aces: 7.1, 7.2
bridges-2: 6.7-pgi, 6.7-intel-omp, ...
faster: 6.8"
qwt,"aces: 6.2.0
faster: 6.1.5, 6.2.0"
r,"aces: 4.1.0, 4.2.0, 4.2.1-stub, 4.2.1, 4.2.2, 4.3.1
anvil: 4.0.5, 4.1.0, 4.1.1
delta: 4.3.2
expanse: x5at72y
faster: 3.6.3, 4.0.0, 4.0.5, 4.1.0, 4.1.2, 4.2.0, 4.2.1, 4.3.1
jetstream: 4.2.2"
rapids,aces: 23.08
rdflib,"aces: 5.0.0, 6.2.0
faster: 5.0.0, 6.2.0"
rdkit,aces: 2022.09.4
re2,"aces: 2023-11-01
faster: 2023-11-01"
root,"aces: 6.26.06, 6.26.10
faster: 6.14.06, 6.26.06"
r_tamu,"aces: 4.2.2
faster: 4.1.2-foss-2021b, 4.2.1, 4.3.1"
rapidjson,"aces: 1.1.0, 1.1.0-20230928
faster: 1.1.0"
ray-project,"aces: 2.2.0, 2.6.2
faster: 2.2.0, 2.6.2"
reframe,aces: 4.0.5
redis,"aces: 7.0.8
faster: 6.2.6, 7.0.8"
ruby,"aces: 3.0.1, 3.0.3
faster: 3.0.1, 3.0.5"
rust,"aces: 1.52.1, 1.54.0, 1.60.0, 1.65.0, 1.70.0, 1.73.0, 1.75.0
delta: 1.75.0
faster: 1.52.1, 1.54.0, 1.60.0, 1.65.0, 1.70.0"
samtools,"aces: 1.14, 1.16.1, 1.17
anvil: 1.9, 1.12, 1.15, 1.16, 1.17
bridges-2: 1.11.0, 1.13.0
expanse: 2cnwok7
faster: 1.10, 1.12, 1.13, 1.14, 1.16.1"
scotch,"aces: 6.1.2, 7.0.1, 7.0.3
expanse: fekh6xf, lkjq2h6, ...
faster: 6.0.9, 6.1.0, 6.1.2, 7.0.1, 7.0.3"
scons,"aces: 4.4.0
faster: 4.2.0, 4.4.0"
sdl2,"aces: 2.0.20, 2.0.22, 2.26.3, 2.28.2
faster: 2.0.10, 2.0.14, 2.0.20, 2.0.22, 2.26.2, 2.26.3, 2.28.2"
shap,aces: 0.41.0
sionlib,"aces: 1.7.7-tools, 1.7.7
kyric: 1.7.4"
slepc,"aces: 3.17.2
expanse: ctca32t-cmplx, jipvkmf, ...
faster: 3.12.2-Python-3.7.4"
spades,"aces: 3.15.5
anvil: 3.15.3, 3.15.4, 3.15.5
bridges-2: 3.14.1
expanse: x4n57dc
faster: 3.15.3"
sqlite,"aces: 3.33.0, 3.35.4, 3.36, 3.38.3, 3.39.4, 3.42.0, 3.43.1, 3.44.0
delta: 3.26.0, 3.43.2
expanse: fxmvvsx, uqy7ybg
faster: 3.24.0, 3.29.0, 3.31.1, 3.33.0, 3.35.4, 3.36, 3.38.3, 3.39.4, 3.42.0, 3.43.1"
sra-toolkit,"aces: 3.0.3
bridges-2: 2.10.9
faster: 3.0.0-centos_linux64, 3.0.3"
star,"aces: 2.7.2b
anvil: 2.7.9a, 2.7.10a, 2.7.10b
bridges-2: 2.7.6a, 2.7.10b
expanse: qc5or7l
faster: 2.7.10b"
sundials,"aces: 6.3.0
faster: 5.7.0, 6.3.0"
swig,"aces: 4.0.2, 4.1.1
anvil: 4.0.2
faster: 4.0.1, 4.0.2, 4.1.1"
scafacos,"aces: 1.0.1, 1.0.4
faster: 1.0.1"
scalapack,"aces: 2.1.0-fb, 2.1.0, 2.2.0-fb
bridges-2: 2.1.0
faster: 2.0.2-OpenBLAS-0.3.1, 2.0.2, 2.1.0-bf, 2.1.0-fb, 2.1.0, 2.2.0-fb"
scalasca,"aces: 2.6.1
kyric: 2.5"
scipy-bundle,"aces: 2020.11, 2021.05, 2021.10, 2022.05, 2023.02, 2023.07, ...
faster: 2019.10-Python-2.7.16, 2019.10-Python-3.7.4, 2020.03-Python-3.8.2, 2020.11, 2021.05, ..."
score-p,aces: 8.3
sentencepiece,aces: 0.1.97
serf,"aces: 1.3.9
faster: 1.3.9"
shapely,"aces: 1.8.2, 2.0.1
faster: 1.7.1-Python-3.8.2, 1.8a1, 1.8.2, 2.0.1"
starpu,aces: 1.3.11
subversion,"aces: 1.14.2
delta: 1.14.2
expanse: hrxrs2j, qpzq6zs
faster: 1.14.1, 1.14.2"
suitesparse,"aces: 5.13.0-METIS-5.1.0
faster: 5.6.0-METIS-5.1.0, 5.8.1-METIS-5.1.0, 5.10.1-METIS-5.1.0-CUDA-11.3.1, 5.10.1-METIS-5.1.0, ..."
superlu_dist,"aces: 8.1.0, 8.1.2
faster: 8.1.0, 8.1.2"
szip,"aces: 2.1.1
faster: 2.1.1"
tcl,"aces: 8.6.10, 8.6.11, 8.6.12, 8.6.13
anvil: 8.6.11
delta: 8.5.19, 8.6.12
expanse: e3gh7it, kysl7po
faster: 8.6.8, 8.6.9, 8.6.10, 8.6.11, 8.6.12, 8.6.13"
tensorflow,"aces: 2.5.0, 2.5.3-CUDA-11.3.1, 2.6.0-CUDA-11.3.1, 2.7.1-CUDA-11.4.1, 2.8.4, ...
anvil: 20.06-tf1-py3, 20.06-tf2-py3, 20.11-tf1-py3, 20.11-tf2-py3, 20.12-tf1-py3, ...
faster: 1.15.2-Python-3.7.4, 2.1.0-Python-3.7.4, 2.2.0-Python-3.7.4, 2.3.1-Python-3.8.2, 2.4.1, ..."
tensorrt,"aces: 8.6.0.12-CUDA-11, 8.6.0.12-CUDA-12, 8.6.1.6-CUDA-11, 8.6.1.6-CUDA-12
faster: 8.6.0.12-CUDA-11, 8.6.0.12-CUDA-12"
theano,"aces: 1.1.2-PyMC
faster: 1.1.2-PyMC"
tk,"aces: 8.6.10, 8.6.11, 8.6.12, 8.6.13
anvil: 8.6.11
delta: 8.6.11
faster: 8.6.9, 8.6.10, 8.6.11, 8.6.12, 8.6.13"
tkinter,"aces: 3.8.6, 3.9.6, 3.10.4, 3.10.8, 3.11.3
faster: 3.7.4, 3.8.2, 3.8.6, 3.9.5, 3.9.6, 3.10.4, 3.10.8, 3.11.3"
trilinos,aces: 13.4.1
trim_galore,"aces: 0.6.10
faster: 0.6.10"
twisted,"aces: 22.4.0
faster: 22.4.0"
ucc,"aces: 1.0.0, 1.1.0, 1.2.0
faster: 1.0.0, 1.1.0, 1.2.0"
ucc-cuda,"aces: 1.0.0-CUDA-11.7.0, 1.1.0-CUDA-12.0.0
faster: 1.0.0-CUDA-11.7.0"
ucx,"aces: 1.9.0-CUDA-11.1.1, 1.9.0, 1.10.0, 1.11.2, 1.12.1, 1.13.1, 1.14.0, 1.14.1, 1.15.0-rc4, 1.15.0
anvil: 1.11.2
bridges-2: 1.11.2
expanse: dn4rrrk, dnpjjuc, fkguskk, ...
faster: 1.8.0-CUDA-11.0.2, 1.8.0, 1.9.0-CUDA-11.1.1, 1.9.0, 1.10.0, 1.11.0, 1.11.2, 1.12.1, 1.13.1, 1.14.1, 1.15.0-rc4, ...
kyric: 1.8.0"
ucx-cuda,"aces: 1.10.0-CUDA-11.3.1, 1.11.2-CUDA-11.4.1, 1.12.1-CUDA-11.7.0, 1.12.1-CUDA-11.8.0, 1.12.1-CUDA-12.2.0, ...
faster: 1.10.0-CUDA-11.3.1, 1.11.0-CUDA-11.4.1, 1.11.2-CUDA-11.4.1, 1.12.1-CUDA-11.7.0, 1.13.1-CUDA-11.8.0, ..."
udunits,"aces: 2.2.26, 2.2.28
faster: 2.2.26, 2.2.28"
unzip,"aces: 6.0
faster: 6.0"
vesta,aces: 3.5.8-gtk3
vmd,"aces: 1.9.4a57
anvil: 1.9.3
expanse: dv3ueqt
faster: 1.9.4a51, 1.9.4a57"
vscode,"aces: 1.85.0
anvil: 1.61.2"
vtk,"aces: 9.0.1, 9.1.0, 9.2.2, 9.2.6, 9.3.0
anvil: 9.0.0
faster: 8.2.0-Python-3.7.4, 8.2.0-Python-3.8.2, 9.0.1, 9.1.0"
vtune,"aces: 2022.3.0
faster: 2022.2.0
kyric: latest, 2021.1.1"
valgrind,"aces: 3.21.0
anvil: 3.15.0
expanse: aejew5q, afwnccb, ...
kyric: 3.15.0"
voro++,"aces: 0.4.6
faster: 0.4.6"
vulkansdk,"aces: 1.3.239.0
faster: 1.2.189.0, 1.3.236.0, 1.3.250.1, 1.3.261.1"
wrf,"aces: 4.4-dmpar, 4.4.1-dmpar
expanse: rsznbfe, 5hf6hqj
faster: 3.9.1.1-dmpar, 4.3-dmpar, 4.3-smpar, 4.3.3-dmpar"
wayland,"aces: 1.20.0, 1.21.0, 1.22.0
faster: 1.21.0, 1.22.0"
waylandpp,"aces: 1.0.0
faster: 1.0.0"
webkitgtk+,"aces: 2.37.1
faster: 2.37.1"
webproxy,"aces: 0000
faster: 0000"
x11,"aces: 20201008, 20210518, 20210802, 20220504, 20221110, 20230603
faster: 20190717, 20200222, 20201008, 20210518, 20210802, 20220504, 20221110, 20230603"
xgboost,aces: 1.7.2
xml-libxml,"aces: 2.0207, 2.0208
faster: 2.0201, 2.0206, 2.0207"
xz,"aces: 5.2.5, 5.2.7, 5.4.2, 5.4.4
delta: 5.2.0
expanse: 5.2.5
faster: 5.2.4, 5.2.5, 5.2.7, 5.4.2, 5.4.4"
xerces-c++,"aces: 3.2.4
faster: 3.2.4"
xvfb,"aces: 1.20.11, 1.20.13, 21.1.3, 21.1.6
faster: 1.20.9, 1.20.11, 1.20.13, 21.1.3, 21.1.6"
yacs,"aces: 0.1.8
faster: 0.1.8"
yasm,"aces: 1.3.0
faster: 1.3.0"
z3,"aces: 4.10.2-Python-3.10.4, 4.10.2, 4.12.2-Python-3.11.3, 4.12.2
faster: 4.8.10, 4.8.12, 4.8.16, 4.10.2-Python-3.10.4, 4.12.2-Python-3.11.3, 4.12.2"
zeromq,"aces: 4.3.4
faster: 4.3.2, 4.3.3, 4.3.4"
zip,"aces: 3.0
faster: 3.0"
aiohttp,"aces: 3.8.3, 3.8.5
faster: 3.8.1"
ant,"aces: 1.10.11-Java-11, 1.10.12-Java-11
expanse: hcgc7fk, 5soub24
faster: 1.10.5-Java-1.8, 1.10.9-Java-11, 1.10.11-Java-11, 1.10.12-Java-11"
archspec,"aces: 0.1.2, 0.1.3, 0.1.4, 0.2.0
faster: 0.1.0-Python-3.8.2, 0.1.0-Python-3.8.6, 0.1.3"
arm-gnu-toolchain,aces: 12.3
arm-gnu-toolchaint,aces: 12.3
arpack-ng,"aces: 3.8.0, 3.9.0
anvil: 3.8.0
expanse: bbylirn, ccwydfp, ...
faster: 3.8.0, 3.9.0"
assimp,aces: 5.2.5
at-spi2-atk,"aces: 2.38.0
faster: 2.34.1, 2.38.0"
at-spi2-core,"aces: 2.40.3, 2.44.1, 2.46.0, 2.49.91
faster: 2.34.0, 2.38.0, 2.40.3, 2.44.1, 2.46.0, 2.49.91"
attrdict3,"aces: 2.0.2
faster: 2.0.2"
binutils,"aces: 2.32, 2.35, 2.36.1, 2.37, 2.38, 2.39, 2.40
faster: 2.28, 2.30, 2.31.1, 2.32, 2.34, 2.35, 2.36.1, 2.37, 2.38, 2.39, ..."
bokeh,"aces: 2.4.1, 2.4.2, 2.4.3
faster: 1.4.0-Python-3.7.4, 2.0.2-Python-3.8.2, 2.2.3, 2.4.2, 2.4.3"
bzip2,"aces: 1.0.8
expanse: 1.0.8
faster: 1.0.6, 1.0.8"
c-ares,"aces: 1.18.1
faster: 1.17.2, 1.18.1"
curl,"aces: 7.72.0, 7.76.0, 7.78.0, 7.83.0, 7.86.0, 8.0.1, 8.3.0
anvil: 7.76.1
expanse: 7.72.0
faster: 7.60.0, 7.66.0, 7.69.1, 7.72.0, 7.76.0, 7.78.0, 7.83.0, 7.86.0, 8.0.1, 8.3.0"
cairo,"aces: 1.16.0, 1.17.4, 1.17.8
faster: 1.16.0, 1.17.4, 1.17.8"
capstone,"aces: 5.0.1
faster: 5.0.1"
captum,aces: 0.5.0
ccache,"aces: 4.6.1, 4.6.3
faster: 4.6.1"
cdsapi,aces: 0.5.1
cffi,"aces: 1.15.1
faster: 1.15.1"
charliecloud,"aces: 0.33
faster: 0.31, 0.33"
chemprop,aces: 1.5.2-CUDA-11.7.0
cimfomfa,aces: 22.273
cistem,"aces: 1.0.0-beta-Linux64
faster: 1.0.0-beta"
ckdmip,aces: 1.0
cppy,"aces: 1.1.0, 1.2.1
faster: 1.1.0, 1.2.1"
cryptography,"aces: 41.0.1, 41.0.4, 41.0.5
faster: 41.0.1"
cudf,"aces: 23.04.0, 23.08.00
faster: 23.04.0"
cudnn,"aces: 8.0.4.30-CUDA-11.1.1, 8.2.1.32-CUDA-11.3.1, 8.2.2.26-CUDA-11.4.1, 8.4.1.50-CUDA-11.7.0, 8.6.0.163-CUDA-11.8.0, ...
anvil: cuda-11.0_8.0, cuda-11.2_8.1, cuda-11.4_8.2, cuda-12.0_8.8
bridges-2: 8.0.4
delta: 8.4.1.50, 8.9.0.131
expanse: tdvkbaf, ...
faster: 7.6.4.38, 8.0.4.30-CUDA-11.0.2, 8.0.4.30-CUDA-11.1.1, 8.1.0.77-CUDA-11.2.2, 8.2.1.32-CUDA-11.3.1, 8.2.2.26-CUDA-11.4.1, ..."
cusparselt,"aces: 0.5.0.1-CUDA-12.2.2
faster: 0.3.0.3-CUDA-11.4.1"
cutensor,"aces: 1.6.1.5-CUDA-11.4.1, 1.6.1.5-CUDA-11.7.0, 1.7.0.1-CUDA-12.0.0
delta: 1.5.0.3
faster: 1.6.1.5-CUDA-11.4.1, 1.6.1.5-CUDA-11.7.0"
cutadapt,"aces: 3.5
anvil: 2.10, 3.4, 3.7
bridges-2: 2.10
faster: 3.4, 3.5"
cython-blis,aces: 0.9.1
dask,"aces: 2021.9.1, 2022.1.0, 2022.10.0
faster: 2.8.0-Python-3.7.4, 2.18.1-Python-3.8.2, 2021.2.0, 2022.1.0, 2022.7.0, 2022.10.0"
dbus-glib,"aces: 0.112
faster: 0.112"
deepdiff,"aces: 5.8.1, 6.7.1"
dill,"aces: 0.3.4, 0.3.6, 0.3.7
faster: 0.3.4, 0.3.6, 0.3.7"
dm-tree,"aces: 0.1.6, 0.1.8
faster: 0.1.5, 0.1.6, 0.1.8"
docker-user,aces: 202311
double-conversion,"aces: 3.1.5, 3.2.0, 3.2.1, 3.3.0
faster: 3.1.4, 3.1.5, 3.2.0, 3.2.1, 3.3.0"
ecbuild,"aces: 3.7.0, 3.8.0
faster: 3.7.0, 3.8.0"
eccodes,"aces: 2.24.2, 2.27.0, 2.31.0
faster: 2.22.1, 2.24.2"
einops,"aces: 0.4.1
faster: 0.3.2, 0.4.1, 0.6.0"
elfutils,"aces: 0.187, 0.189
faster: 0.182, 0.185, 0.187, 0.189"
enchant-2,"aces: 2.3.3
faster: 2.3.3"
exiv2,"aces: 0.27.5
faster: 0.27.5"
expat,"aces: 2.2.9, 2.4.1, 2.4.8, 2.4.9, 2.5.0
faster: 2.2.5, 2.2.7, 2.2.9, 2.4.1, 2.4.8, 2.4.9, 2.5.0"
expecttest,"aces: 0.1.3, 0.1.5
faster: 0.1.3, 0.1.5"
eztrace,aces: 2.1
fastai,aces: 2.7.10
ffnvcodec,"aces: 11.1.5.2, 12.0.16.0
faster: 11.1.5.2, 12.0.16.0"
file,"aces: 5.43
faster: 5.38, 5.43"
flatbuffers,"aces: 1.12.0, 2.0.0, 2.0.7, 23.1.4, 23.5.26
faster: 1.12.0, 2.0.0, 2.0.7, 23.1.4"
flatbuffers-python,"aces: 1.12, 2.0, 23.1.4, 23.5.26
faster: 1.12, 2.0, 23.1.4"
flex,"aces: 2.6.4
faster: 2.6.3, 2.6.4"
flit,"aces: 3.9.0
faster: 3.9.0"
fontconfig,"aces: 2.13.92, 2.13.93, 2.13.94, 2.14.0, 2.14.1, 2.14.2
faster: 2.13.1, 2.13.92, 2.13.93, 2.13.94, 2.14.0, 2.14.1, 2.14.2"
foss,"aces: 2020b, 2021a, 2021b, 2022a, 2022b, 2023a, 2023b, 2023.09
faster: 2018b, 2019b, 2020a, 2020b, 2021a, 2021b, 2022a, 2022b, 2023a, 2023b"
fosscuda,"aces: 2020b
faster: 2019b, 2020a, 2020b"
freeglut,"aces: 3.2.1, 3.2.2, 3.4.0
faster: 3.2.1, 3.2.2"
freetype,"aces: 2.10.3, 2.10.4, 2.11.0, 2.12.1, 2.13.0
faster: 2.10.1, 2.10.3, 2.10.4, 2.11.0, 2.12.1, 2.13.0"
g2clib,"aces: 1.6.3
faster: 1.6.0"
g2lib,aces: 3.2.0
gc,"aces: 8.2.0, 8.2.4
faster: 7.6.12, 8.2.0, 8.2.4"
gcccuda,"aces: 2020b
faster: 2019b, 2020a, 2020b"
geopandas,"aces: 0.12.2
faster: 0.8.1-Python-3.8.2"
gettext,"aces: 0.21, 0.21.1, 0.22
bridges-2: 0.22.5-gcc13.2.1-p20240113
faster: 0.19.8.1, 0.20.1, 0.21, 0.21.1, 0.22"
gfbf,"aces: 2022a, 2022b, 2023a, 2023b, 2023.09
faster: 2022a, 2022b, 2023a"
giflib,"aces: 5.2.1
faster: 5.2.1"
git,"aces: 2.28.0-nodocs, 2.32.0-nodocs, 2.33.1-nodocs, 2.36.0-nodocs, 2.38.1-nodocs, 2.41.0-nodocs, 2.42.0
delta: 2.39.3
expanse: darghpu, ldetm5y
faster: 2.23.0-nodocs, 2.28.0-nodocs, 2.32.0-nodocs, 2.33.1-nodocs, 2.36.0-nodocs, 2.38.1-nodocs, 2.41.0-nodocs"
git-lfs,"aces: 3.2.0, 3.3.0
delta: 3.3.0
expanse: kmruniy, 32gm6hi
faster: 3.2.0, 3.4.0"
glew,"aces: 2.2.0-egl
faster: 2.2.0-egl, 2.2.0-osmesa"
glib-networking,"aces: 2.72.1
faster: 2.72.1"
gmpy2,"aces: 2.1.2, 2.1.5
faster: 2.1.0b4, 2.1.2, 2.1.5"
gnuplot,"aces: 5.4.4, 5.4.6, 5.4.8
anvil: 5.4.2
delta: 5.4.3
expanse: lfaey6l, mfinpvw
faster: 5.2.8, 5.4.1, 5.4.2, 5.4.4"
gompi,"aces: 2020b, 2021a, 2021b, 2022a, 2022b, 2023a, 2023b, 2023.05, 2023.09
faster: 2018b, 2019b, 2020a, 2020b, 2021a, 2021b, 2022a, 2022b, 2022.05, 2023a, 2023b"
gompic,"aces: 2020b
faster: 2019b, 2020a, 2020b"
googletest,"aces: 1.11.0, 1.12.1, 1.13.0
faster: 1.10.0, 1.11.0, 1.12.1, 1.13.0"
gperf,"aces: 3.1
faster: 3.1"
gperftools,"aces: 2.10, 2.13
faster: 2.12, 2.13, 2.14"
gpustat,"aces: 1.1
faster: 0.6.0, 1.0.0b1, 1.1"
graphite2,"aces: 1.3.14
faster: 1.3.14"
graphviz-python,aces: 0.20.1
groff,"aces: 1.22.4, 1.23.0
faster: 1.22.4"
gslib,"aces: 1.0.8
faster: 1.0.8"
gzip,"aces: 1.10, 1.12
faster: 1.10, 1.12"
h5py,"aces: 3.1.0, 3.2.1, 3.6.0, 3.7.0, 3.8.0, 3.9.0, 3.10.0
faster: 2.10.0-Python-3.7.4, 2.10.0-Python-3.8.2, 3.1.0, 3.2.1, 3.6.0, 3.7.0, 3.8.0"
hatchling,"aces: 1.18.0
faster: 1.11.1, 1.18.0"
help2man,"aces: 1.47.8, 1.47.16, 1.48.3, 1.49.2, 1.49.3
faster: 1.47.4, 1.47.7, 1.47.8, 1.47.10, 1.47.12, 1.47.16, 1.48.3, 1.49.2, 1.49.3"
hiredis,"aces: 1.0.2
faster: 1.0.2"
humann,"aces: 3.6
anvil: 3.0.0, 3.6"
hunspell,"aces: 1.7.1
faster: 1.7.1"
hwloc,"aces: 2.2.0, 2.4.1, 2.5.0, 2.7.1, 2.8.0, 2.9.1, 2.9.2
anvil: 1.11.13
delta: 2.2.0
expanse: 1.11.11, 2.2.0
faster: 1.11.10, 1.11.12, 2.2.0, 2.4.1, 2.5.0, 2.7.1, 2.8.0, 2.9.1, 2.9.2
kyric: 2.1.0"
hypothesis,"aces: 5.41.2, 6.13.1, 6.14.6, 6.46.7, 6.68.2, 6.82.0, 6.88.1, 6.90.0
faster: 5.41.2, 5.41.5, 6.13.1, 6.14.6, 6.46.7, 6.68.2, 6.82.0"
iimpi,"aces: 2021b, 2022a, 2022b, 2022.12, 2023a, 2023b, 2023.03, 2023.07
faster: 2019b, 2020a, 2020b, 2020.12, 2021a, 2021b, 2022a, 2022b, 2022.00, 2022.05, 2022.09, ..."
imageio,"aces: 2.22.2
faster: 2.9.0, 2.13.5, 2.22.2"
imake,aces: 1.0.8
imbalanced-learn,aces: 0.10.1
imkl,"aces: 2021.4.0, 2022.1.0, 2022.2.1, 2023.0.0, 2023.1.0, 2023.2.0, 2024.0.0
faster: 2019.5.281, 2020.1.217, 2020.4.304, 2021.1.1, 2021.2.0, 2021.3.0, 2021.4.0, 2022.0.1, 2022.1.0, 2022.2.0, ..."
imkl-fftw,"aces: 2021.4.0, 2022.1.0, 2022.2.1, 2023.0.0, 2023.1.0, 2023.2.0
faster: 2021.4.0, 2022.0.1, 2022.1.0, 2022.2.0, 2022.2.1, 2023.0.0, 2023.1.0, ..."
impi,"aces: 2021.4.0, 2021.6.0, 2021.7.1, 2021.8.0, 2021.9.0, 2021.10.0, 2021.11.0
anvil: 2019.5.281
faster: 2018.5.288, 2019.7.217, 2019.9.304, 2021.1.1, 2021.2.0, 2021.3.0, 2021.4.0, 2021.5.0, 2021.6.0, 2021.7.0, ..."
intel,"aces: 2023.1.0, 2023.2.0, 2023.2.0.231103
anvil: 19.0.5.281
bridges-2: 20.4, 2021.3.0, 2021.10.0
delta: 2022.2.1, 2024.0.0
expanse: vecir2b, 6pv46so
faster: Toolkits, 2019b, 2020a, 2020b, 2020.12, 2021a, 2021b, 2022a, 2022b, 2022.00, 2022.05, ...
kyric: 19.1.3.304"
intel-compilers,"aces: 2021.2.0, 2021.4.0, 2022.1.0, 2022.2.0, 2022.2.1, ...
faster: 2021.1.2, 2021.2.0, 2021.3.0, 2021.4.0, 2022.0.1, ..."
intelpython,aces: 2024.1.0_814
intltool,"aces: 0.51.0
faster: 0.51.0"
jax,"aces: 0.2.20, 0.3.25-CUDA-11.7.0, 0.3.25, 0.4.4-CUDA-11.8.0, 0.4.4
faster: 0.2.19, 0.2.24-CUDA-11.3.1, 0.2.24, 0.3.9-CUDA-11.3.1, 0.3.9, 0.3.23-CUDA-11.7.0"
jbigkit,"aces: 2.1
faster: 2.1"
jemalloc,"aces: 5.2.1
faster: 5.2.1"
json-c,"aces: 0.16
faster: 0.16"
jupyter-server,"aces: 2.7.0, 2.7.2"
jupyterlmod,aces: 4.0.3
kblas-gpu,aces: 20231024-CUDA-11.8.0
kim-api,"aces: 2.2.1, 2.3.0
faster: 2.1.3, 2.2.1, 2.3.0"
kineto,aces: 0.4.0
libglu,"aces: 9.0.1, 9.0.2, 9.0.3
faster: 9.0.1, 9.0.2, 9.0.3"
librom,"aces: 93ca278
faster: 93ca278"
libaec,"aces: 1.0.6
faster: 1.0.6"
libarchive,"aces: 3.4.3, 3.5.1, 3.6.1, 3.6.2, 3.7.2
faster: 3.4.2, 3.4.3, 3.5.1, 3.6.1, 3.6.2, 3.7.2"
libatomic_ops,"aces: 7.8.2
faster: 7.8.2"
libcerf,"aces: 2.1, 2.3
faster: 1.13, 1.14, 1.17, 2.1"
libdap,"aces: 3.20.7
faster: 3.20.7, 3.20.8"
libdeflate,"aces: 1.10, 1.15, 1.18
faster: 1.8, 1.10, 1.15, 1.18"
libdrm,"aces: 2.4.106, 2.4.107, 2.4.110, 2.4.114, 2.4.115
faster: 2.4.99, 2.4.100, 2.4.102, 2.4.106, 2.4.107, 2.4.110, 2.4.114, 2.4.115"
libepoxy,"aces: 1.5.8, 1.5.10
faster: 1.5.4, 1.5.8, 1.5.10"
libev,"aces: 4.33
faster: 4.33"
libevent,"aces: 2.1.12
faster: 2.1.11, 2.1.12"
libfabric,"aces: 1.11.0, 1.12.1, 1.13.2, 1.15.1, 1.16.1, 1.18.0, 1.19.0
anvil: 1.12.0
delta: 1.15.2.0
faster: 1.11.0, 1.12.1, 1.13.2, 1.15.1, 1.16.1, 1.18.0, 1.19.0
kyric: 1.10.1"
libffi,"aces: 3.3, 3.4.2, 3.4.4
delta: 3.4.4
faster: 3.2.1, 3.3, 3.4.2, 3.4.4"
libgcrypt,"aces: 1.9.3
faster: 1.9.3"
libgd,"aces: 2.3.3
faster: 2.3.0, 2.3.1, 2.3.3"
libgeotiff,"aces: 1.6.0, 1.7.0, 1.7.1
faster: 1.5.1, 1.6.0, 1.7.0, 1.7.1"
libgit2,"aces: 1.1.0, 1.1.1, 1.4.3, 1.5.0
faster: 1.1.0, 1.1.1, 1.4.3, 1.5.0"
libglvnd,"aces: 1.3.3, 1.4.0, 1.6.0
faster: 1.2.0, 1.3.2, 1.3.3, 1.4.0, 1.6.0"
libgpg-error,"aces: 1.42
faster: 1.42"
libgpuarray,"aces: 0.7.6
faster: 0.7.6"
libiconv,"aces: 1.16, 1.17
anvil: 1.16
expanse: 1.16
faster: 1.15, 1.16, 1.17"
libidn,"aces: 1.38
faster: 1.38"
libidn2,"aces: 2.3.2
faster: 2.3.2"
libjpeg-turbo,"aces: 2.0.5, 2.0.6, 2.1.3, 2.1.4, 2.1.5.1
expanse: 2.0.4
faster: 2.0.3, 2.0.4, 2.0.5, 2.0.6, 2.1.3, 2.1.4, 2.1.5.1"
libogg,"aces: 1.3.4, 1.3.5
faster: 1.3.4, 1.3.5"
libopus,"aces: 1.3.1
faster: 1.3.1"
libpciaccess,"aces: 0.16, 0.17
expanse: 0.16
faster: 0.14, 0.16, 0.17"
libpng,"aces: 1.6.37, 1.6.38, 1.6.39, 1.6.40
anvil: 1.6.37
expanse: 1.6.37
faster: 1.2.59, 1.6.37, 1.6.38, 1.6.39"
libpsl,"aces: 0.21.1
faster: 0.21.1"
libreadline,"aces: 8.0, 8.1, 8.1.2, 8.2
faster: 7.0, 8.0, 8.1, 8.1.2, 8.2"
librsvg,"aces: 2.55.1
faster: 2.51.2, 2.55.1"
librttopo,"aces: 1.1.0
faster: 1.1.0"
libsndfile,"aces: 1.0.31, 1.1.0, 1.2.0
delta: 1.0.28
faster: 1.0.28, 1.0.31, 1.1.0, 1.2.0"
libsodium,"aces: 1.0.18
faster: 1.0.18"
libspatialindex,"aces: 1.9.3
faster: 1.9.3"
libspatialite,"aces: 5.0.1
faster: 5.0.1"
libtasn1,"aces: 4.18.0
faster: 4.18.0"
libtirpc,"aces: 1.3.1, 1.3.2, 1.3.3
delta: 1.3.3
expanse: 1.2.6
faster: 1.2.6, 1.3.1, 1.3.2, 1.3.3"
libtool,"aces: 2.4.6, 2.4.7
faster: 2.4.6, 2.4.7"
libunistring,"aces: 1.0
expanse: 0.9.10
faster: 0.9.10, 1.0"
libunwind,"aces: 1.4.0, 1.5.0, 1.6.2
expanse: 1.4.0
faster: 1.3.1, 1.4.0, 1.5.0, 1.6.2"
libvorbis,"aces: 1.3.7
faster: 1.3.7"
libvori,"aces: 220621
faster: 220621"
libwebp,"aces: 1.2.0, 1.2.4, 1.3.1
faster: 1.2.0, 1.2.4"
libwpe,"aces: 1.13.3
faster: 1.13.3"
libxc,"aces: 5.2.3, 6.1.0, 6.2.2
expanse: ietrtke, 2yb6cx6
faster: 5.1.5, 5.1.6, 5.2.3, 6.1.0"
libxml2,"aces: 2.9.10, 2.9.13, 2.10.3, 2.11.4, 2.11.5
anvil: 2.9.10
faster: 2.9.8, 2.9.9, 2.9.10, 2.9.13, 2.10.3, 2.11.4, 2.11.5"
libxslt,"aces: 1.1.34, 1.1.37, 1.1.38
anvil: 1.1.33
faster: 1.1.34, 1.1.37, 1.1.38"
libxsmm,"aces: 1.17
faster: 1.16.2, 1.17"
libyaml,"aces: 0.2.5
faster: 0.2.2, 0.2.5"
libzip,"aces: 1.7.3
faster: 1.7.3"
lifelines,aces: 0.27.4
lmod,"aces: lmod
bridges-2: lmod
delta: lmod
faster: lmod
jetstream: lmod"
lxml,"aces: 4.6.3, 4.9.1, 4.9.2
faster: 4.6.3, 4.9.1, 4.9.2"
lz4,"aces: 1.9.2, 1.9.3, 1.9.4
faster: 1.9.2, 1.9.3, 1.9.4"
maeparser,"aces: 1.3.0
faster: 1.3.0"
magma,"aces: 2.6.1-CUDA-11.3.1, 2.6.2-CUDA-11.7.0, 2.6.2-CUDA-11.8.0, 2.7.1-CUDA-12.0.0, 2.7.2-CUDA-12.1.1
delta: 2.7.2
expanse: pp6inq4, 5tlnzda, ...
faster: 2.5.4, 2.6.1-CUDA-11.3.1, 2.6.2-CUDA-11.4.1, 2.6.2-CUDA-11.7.0, 2.7.2-CUDA-12.1.1"
make,"aces: 4.3, 4.4.1
faster: 4.3, 4.4.1
kyric: 4.3"
makedepend,"aces: 1.0.6, 1.0.7
faster: 1.0.7"
makeinfo,"aces: 6.7-minimal, 7.0.3, 7.1
faster: 6.7-minimal, 6.7, 6.8, 7.0.3"
matplotlib,"aces: 3.3.3, 3.4.3, 3.5.2, 3.7.0, 3.7.2
faster: 3.1.1-Python-3.7.4, 3.2.1-Python-3.8.2, 3.3.3, 3.4.2, 3.4.3, 3.5.1, 3.5.2, ..."
maturin,"aces: 1.1.0, 1.4.0-Rust-1.75.0"
meson-python,"aces: 0.13.2, 0.15.0
faster: 0.13.2"
minizip,"aces: 1.1
faster: 1.1"
mold,"aces: 1.3.0, 1.11.0, 2.4.0
faster: 2.4.0"
motif,aces: 2.3.8
mpi4py,"aces: 3.1.4, 3.1.5
faster: 3.1.4"
musl,aces: 1.2.4
ncbi-vdb,"aces: 3.0.2
faster: 2.10.7, 3.0.2"
ncurses,"aces: 6.2, 6.3, 6.4
delta: 6.1.20180224
expanse: 6.2
faster: 5.9, 6.0, 6.1, 6.2, 6.3, 6.4"
netcdf,"aces: 4.7.4, 4.8.0, 4.8.1, 4.9.0, 4.9.2
faster: 4.6.1, 4.7.1, 4.7.4, 4.8.0, 4.8.1, 4.9.0, 4.9.2"
netcdf-c++4,"aces: 4.3.1
faster: 4.3.1"
netcdf-fortran,"aces: 4.5.3, 4.6.0
anvil: 4.5.3
delta: 4.6.1
expanse: bccwfsv, ...
faster: 4.4.4, 4.5.2, 4.5.3, 4.6.0"
netcdf4-python,"aces: 1.6.1
faster: 1.5.3-Python-3.8.2, 1.5.7"
nettle,"aces: 3.7.2, 3.7.3, 3.8, 3.8.1
faster: 3.5.1, 3.6, 3.7.2, 3.7.3, 3.8, 3.8.1"
networkx,"aces: 2.6.3, 2.8.4, 3.0, 3.1, 3.2.1
faster: 2.4-Python-3.7.4, 2.4-Python-3.8.2, 2.5, 2.5.1, 2.6.3, 2.8.4, 3.1"
nghttp2,"aces: 1.48.0
faster: 1.48.0"
nghttp3,"aces: 0.6.0
faster: 0.6.0"
ngtcp2,"aces: 0.7.0
faster: 0.7.0"
nlohmann_json,"aces: 3.10.5, 3.11.2
faster: 3.10.5, 3.11.2"
nmad,aces: 20220531
nodejs,"aces: 14.17.0, 14.17.6, 16.15.1, 18.12.1, 18.17.1
faster: 12.19.0, 14.17.0, 14.17.6, 16.15.1, 18.12.1, 18.17.1"
nsync,"aces: 1.24.0, 1.25.0, 1.26.0
faster: 1.24.0, 1.25.0, 1.26.0"
numactl,"aces: 2.0.13, 2.0.14, 2.0.16
anvil: 2.0.14
expanse: 2.0.12
faster: 2.0.11, 2.0.12, 2.0.13, 2.0.14, 2.0.16"
numba,"aces: 0.52.0, 0.54.1-CUDA-11.4.1, 0.56.4-CUDA-11.7.0, 0.56.4, 0.58.1
faster: 0.50.0-Python-3.8.2, 0.52.0, 0.53.1, 0.54.1-CUDA-11.4.1, 0.54.1, 0.56.4-CUDA-11.7.0"
numpy,"aces: 1.26.4
bridges-2: 1.19.4"
nvidia-container-cli,"aces: 1.13.2-1-hprc
faster: 1.11.0-hprc, 1.13.2-1-hprc"
nvtop,"aces: 3.0.1, 3.0.2
delta: 3.0.1
faster: 1.2.1"
p11-kit,"aces: 0.24.1
faster: 0.24.1"
patchelf,"aces: 0.15.0, 0.17.2, 0.18.0
faster: 0.13, 0.15.0, 0.17.2, 0.18.0"
physics-tenpy,"aces: 0.10.0
faster: 0.10.0-Python-3.10.4, 0.10.0"
pigz,"aces: 2.6
expanse: bgymyil, i4tkq26
faster: 2.6, 2.7"
pioman,aces: 20220531
pixman,"aces: 0.40.0, 0.42.2
faster: 0.38.4, 0.40.0, 0.42.2"
pkg-config,"aces: 0.29.2
faster: 0.29.2"
pkgconf,"aces: 1.8.0, 1.9.3, 1.9.5, 2.0.3
faster: 1.8.0, 1.9.3, 1.9.5, 2.0.3"
pkgconfig,"aces: 1.5.1-python, 1.5.4-python, 1.5.5-python
faster: 1.5.1-python, 1.5.1-Python-3.7.4, 1.5.1-Python-3.8.2, 1.5.4-python, 1.5.5-python"
plotly.py,"aces: 5.12.0, 5.13.1
faster: 5.1.0, 5.4.0"
pocl,"aces: 1.8
faster: 1.6, 1.8, 4.0"
poetry,"aces: 1.5.1, 1.6.1
faster: 1.0.9-Python-3.8.2, 1.5.1"
poppler,"aces: 22.12.0, 23.09.0
faster: 22.12.0, 23.09.0"
protobuf,"aces: 3.14.0, 3.17.3, 3.19.4, 23.0, 24.0
anvil: 3.11.4
faster: 3.10.0, 3.13.0, 3.14.0, 3.17.3, 3.19.4, 23.0, 24.0"
protobuf-python,"aces: 3.14.0, 3.17.3, 3.19.4, 4.23.0, 4.24.0
faster: 3.10.0-Python-3.7.4, 3.13.0-Python-3.8.2, 3.14.0, 3.17.3, 3.19.4, ..."
psycopg2,"aces: 2.9.5
faster: 2.8.6-Python-3.8.2, 2.9.5"
pugixml,"aces: 1.12.1
faster: 1.12.1"
py-cpuinfo,aces: 9.0.0
py3dmol,aces: 2.0.1.post1
pybind11,"aces: 2.6.0, 2.6.2, 2.7.1, 2.9.2, 2.10.3, 2.11.1
faster: 2.4.3-Python-3.7.4, 2.4.3-Python-3.8.2, 2.6.0, 2.6.2, 2.7.1, 2.9.2, 2.10.3, 2.11.1"
pydantic,"aces: 1.10.4, 2.5.3
faster: 1.6.1-Python-3.9.6"
pydicom,aces: 2.3.0
pyproj,"aces: 3.5.0, 3.6.0
faster: 2.6.1.post1-Python-3.8.2, 3.1.0, 3.3.1, 3.6.0"
pytesseract,aces: 0.3.10
pytest,"aces: 7.2.2
faster: 7.1.3, 7.2.2"
pytest-flakefinder,"aces: 1.1.0
faster: 1.1.0"
pytest-rerunfailures,"aces: 11.1, 12.0
faster: 11.1, 12.0"
pytest-shard,"aces: 0.1.2
faster: 0.1.2"
pytest-xdist,"aces: 2.3.0, 2.5.0
faster: 2.3.0, 2.5.0"
python-isal,"aces: 0.11.1
faster: 0.11.0, 0.11.1"
re2c,"aces: 2.2, 3.0, 3.1
faster: 1.3, 2.0.3, 2.1.1, 2.2, 3.0, 3.1"
redis-py,"aces: 4.5.1
faster: 4.3.3, 4.5.1"
rising,aces: 0.2.2
scikit-build,"aces: 0.11.1, 0.15.0, 0.17.2, 0.17.6
faster: 0.11.1, 0.15.0, 0.16.7, 0.17.6"
scikit-cuda,aces: 0.5.3-CUDA-11.8.0
scikit-image,"aces: 0.19.3
faster: 0.16.2-Python-3.7.4, 0.18.1, 0.19.1"
scikit-learn,"aces: 0.24.2, 1.1.2, 1.2.1
faster: 0.23.1-Python-3.8.2, 0.23.2, 0.24.2, 1.0.1, 1.1.2, 1.2.1"
settarg,"aces: settarg
bridges-2: settarg
delta: settarg
faster: settarg
jetstream: settarg"
setuptools,aces: 64.0.3
setuptools-rust,"aces: 1.6.0, 1.7.0, 1.8.0
faster: 1.6.0"
snappy,"aces: 1.1.8, 1.1.9, 1.1.10
faster: 1.1.7, 1.1.8, 1.1.9, 1.1.10"
spacy,aces: 3.4.4
spglib,"aces: 2.0.2
faster: 2.0.2"
spglib-python,"aces: 1.16.0, 2.0.0
faster: 1.16.0, 2.0.0"
spython,"aces: 0.3.0
faster: 0.3.0"
statsmodels,"aces: 0.13.1
faster: 0.13.1"
sympy,"aces: 1.10.1, 1.12
faster: 1.5.1-Python-3.7.4, 1.10.1, 1.12"
synthcity,aces: 0.2.4
tbb,"aces: 2021.5.0
faster: 2020.1, 2020.3, 2021.4.0, 2021.5.0
kyric: latest, 2021.1.1"
tcsh,"aces: 6.24.01, 6.24.07
faster: 6.22.02, 6.22.03, 6.22.04, 6.24.00, 6.24.01, 6.24.07"
tensorboard,"aces: 2.8.0, 2.10.0
faster: 2.8.0, 2.10.0"
tensorboardx,"aces: 2.5.1, 2.6.2.2
faster: 2.2-PyTorch-1.7.1, 2.5.1"
tensorflow-probability,"aces: 0.19.0-CUDA-11.7.0
faster: 0.12.1, 0.19.0-CUDA-11.7.0"
tesseract,aces: 5.3.0
texlive,"aces: 20230313
anvil: 20200406"
time,"aces: 1.9
delta: 1.9
faster: 1.9"
tmux,aces: 3.3a
torchsampler,aces: 0.1.2
torchtext,aces: 0.14.1-PyTorch-1.12.0
torchvision,"aces: 0.13.1-CUDA-11.7.0, 0.13.1
faster: 0.8.2-PyTorch-1.7.1, 0.9.1-PyTorch-1.8.1, 0.9.1-PyTorch-1.9.0-fosscuda-2020b-imkl, 0.11.1-CUDA-11.3.1, ..."
tornado,aces: 6.3.2
tqdm,"aces: 4.61.2, 4.64.0, 4.64.1, 4.66.1
faster: 4.47.0, 4.56.2, 4.61.2, 4.62.3"
typing-extensions,"aces: 3.7.4.3, 3.10.0.0, 3.10.0.2, 4.3.0, 4.9.0
faster: 3.7.4.3, 3.10.0.0, 3.10.0.2, 4.3.0"
utf8proc,"aces: 2.7.0, 2.8.0
faster: 2.6.1, 2.7.0"
util-linux,"aces: 2.36, 2.37, 2.38, 2.38.1, 2.39
faster: 2.34, 2.35, 2.36, 2.37, 2.38, 2.38.1, 2.39"
vasp,"aces: 6.3.2
anvil: 5.4.4.pl2, 6.3.0
bridges-2: 5.4.4+vtst-intel, 6.3+vtst-intel, 6.4.1-intel, ...
expanse: 5.4.4-openblas-wannier90, 5.4.4-openblas-wannier90-3.1, ...
faster: 6.3.2-VTST-195-VASPsol-libbeef, 6.3.2-VTST-195-VASPsol, 6.3.2"
virtualenv,"aces: 20.23.1, 20.24.6
faster: 20.23.1"
wget,"aces: 1.21.3
faster: 1.21.3"
wpebackend-fdo,"aces: 1.13.1
faster: 1.13.1"
wxpython,"aces: 4.2.0
faster: 4.2.0"
wxwidgets,"aces: 3.2.0, 3.2.2.1
faster: 3.0.3, 3.1.4, 3.2.0"
x264,"aces: 20210414, 20210613, 20220620, 20230226
faster: 20191217, 20201026, 20210414, 20210613, 20220620, 20230226"
x265,"aces: 3.5
faster: 3.3, 3.5"
xarray,"aces: 0.20.1, 2022.6.0, 2022.9.0, 2023.4.2, 2023.9.0
faster: 0.16.1-Python-3.8.2, 0.19.0, 0.20.1"
xorg-macros,"aces: 1.19.2, 1.19.3, 1.20.0
faster: 1.19.2, 1.19.3, 1.20.0"
xpmem,"aces: 61c39ef
faster: 61c39ef"
xprop,"aces: 1.2.5
faster: 1.2.5, 1.2.6"
xproto,"aces: 7.0.31
delta: 7.0.31
faster: 7.0.31"
xxd,"aces: 8.2.4220, 9.0.1696, 9.0.2112
faster: 8.2.4220, 9.0.1696"
zarr,"aces: 2.13.3, 2.16.0
faster: 2.8.1, 2.11.0, 2.13.3"
zlib,"aces: 1.2.11, 1.2.12, 1.2.13
anvil: 1.2.11
expanse: 1.2.11
faster: 1.2.11, 1.2.12, 1.2.13"
zstd,"aces: 1.4.5, 1.4.9, 1.5.0, 1.5.2, 1.5.5
expanse: 1.4.5
faster: 1.4.4, 1.4.5, 1.4.9, 1.5.0, 1.5.2, 1.5.5"
abacas,anvil: 1.3.1
abismal,anvil: 3.0.0
abpoa,anvil: 1.4.1
abricate,anvil: 1.0.1
abyss,"anvil: 2.3.2, 2.3.4
bridges-2: 2.1.5
faster: 2.1.5"
adapterremoval,"anvil: 2.3.3
faster: 2.3.3"
advntr,"anvil: 1.4.0, 1.5.0"
afplot,anvil: 0.2.1
afterqc,anvil: 0.9.7
agat,anvil: 0.8.1
agfusion,anvil: 1.3.11
alfred,"anvil: 0.2.5, 0.2.6"
alien-hunter,anvil: 1.7.7
alignstats,anvil: 0.9.1
allpathslg,anvil: 52488
amber,"anvil: 20
expanse: c6gwmih-omp, ulauqq7-omp
faster: 20-CUDA-11.4.1-NCCL-2.11.4-Python-3.9.5, 20-CUDA-11.4.1-Python-3.9.5"
amdblis,"anvil: 3.0
expanse: zcuungw-omp, 6sfatsa"
amdfftw,"anvil: 3.0
expanse: t757st4, zqoqbjf-omp, ..."
amdlibflame,"anvil: 3.0
expanse: f37pl2z"
amdlibm,"anvil: 3.0
expanse: uil3tqx"
amdscalapack,"anvil: 3.0
expanse: 7qg2ts5"
amptk,anvil: 1.5.4
anaconda,"anvil: 2021.05-py38
jetstream: 22.9.0"
ananse,anvil: 0.4.0
anchorwave,"anvil: 1.0.1, 1.1.1"
angsd,"anvil: 0.935, 0.937, 0.939, 0.940
faster: 0.935"
annogesic,anvil: 1.1.0
annovar,anvil: 2022-01-13
antismash,"anvil: 5.1.2, 6.0.1, 6.1.0"
anvio,"anvil: 7.0, 7.1_main, 7.1_structure
bridges-2: 7"
any2fasta,"anvil: 0.4.2
faster: 0.4.2"
arcs,anvil: 1.2.4
ariba,anvil: 2.14.6
ascatngs,anvil: 4.5.0
asgal,anvil: 1.1.7
aspera-connect,"anvil: 4.2.6
bridges-2: 3.11.0.5"
assembly-stats,anvil: 1.0.1
atac-seq-pipeline,anvil: 2.1.3
ataqv,anvil: 1.3.0
atram,anvil: 2.4.3
atropos,"anvil: 1.1.17, 1.1.31"
augur,"anvil: 14.0.0, 15.0.0"
augustus,"anvil: 3.4.0, 3.5.0
bridges-2: 3.4.0"
aws-cli,"anvil: 2.4.15
delta: 2.13.14"
bactopia,"anvil: 2.0.3, 2.1.1, 2.2.0, 3.0.0"
bali-phy,"anvil: 3.6.0
faster: 3.6.0, 3.6.1"
bam-readcount,anvil: 1.0.0
bamgineer,anvil: 1.1
bamliquidator,anvil: 1.5.2
bamsurgeon,anvil: 1.2
bamutil,anvil: 1.0.15
barrnap,anvil: 0.9.4
basenji,anvil: 0.5.1
bayescan,anvil: 2.1
bazam,anvil: 1.0.1
bbtools,anvil: 39.00
bcftools,"anvil: 1.13, 1.14, 1.17
bridges-2: 1.10.2
expanse: 5zeidhh
faster: 1.14"
bcl2fastq,anvil: 2.20.0
beagle,"anvil: 5.1_24Aug19.3e8, 5.1"
beast2,"anvil: 2.6.3, 2.6.4, 2.6.6
expanse: bhuvd2x, ymaff6c"
bedops,"anvil: 2.4.39
bridges-2: 2.4.39"
bioawk,"anvil: 1.0
faster: 1.0"
biobambam,anvil: 2.0.183
biocontainers,anvil: default
bioconvert,"anvil: 0.4.3, 0.5.2, 0.6.1, 0.6.2"
bismark,"anvil: 0.23.0, 0.24.0
bridges-2: 0.22.3
expanse: 4xdflxj"
blasr,anvil: 5.3.5
blast,"anvil: 2.11.0, 2.13.0
bridges-2: 2.9.0, 2.11.0
faster: 2.11.0-Linux_x86_64"
blast-plus,"anvil: 2.12.0
expanse: jrvhcsy"
blobtools,anvil: 1.1.1
bmge,anvil: 1.12
bowtie,"anvil: 1.3.1
faster: 1.3.1"
bowtie2,"anvil: 2.4.2, 2.5.1
bridges-2: 2.4.2, 2.4.4
expanse: ahg6m6s
faster: 2.4.4, 2.4.5, 2.5.1"
bracken,"anvil: 2.6.1, 2.7"
braker2,anvil: 2.1.6
brass,anvil: 6.3.4
breseq,anvil: 0.36.1
busco,"anvil: 5.2.2, 5.3.0, 5.4.1, 5.4.3, 5.4.4, 5.4.5, 5.4.7
bridges-2: 5.0.0"
bustools,anvil: 0.41.0
bwameth,anvil: 0.2.5
cactus,"anvil: 2.0.5, 2.2.1, 2.2.3-gpu, 2.2.3, 2.4.0-gpu, 2.4.0, 2.5.2-gpu, 2.5.2, 2.6.5-gpu, ..."
cafe,"anvil: 4.2.1, 5.0.0"
canu,"anvil: 2.1.1, 2.2
faster: 2.2"
ccs,anvil: 6.4.0
cdbtools,anvil: 0.99
cegma,anvil: 2.5
cellbender,"anvil: 0.2.0, 0.2.2"
cellphonedb,anvil: 2.1.7
cellranger,"anvil: 6.0.1, 6.1.1, 6.1.2, 7.0.0, 7.0.1, 7.1.0"
cellranger-arc,anvil: 2.0.2
cellranger-atac,"anvil: 2.0.0, 2.1.0"
cellranger-dna,anvil: 1.1.0
cellrank,anvil: 1.5.1
cellrank-krylov,anvil: 1.5.1
cellsnp-lite,anvil: 1.2.2
celltypist,"anvil: 0.2.0, 1.1.0"
centrifuge,anvil: 1.0.4_beta
cfsan-snp-pipeline,anvil: 2.2.1
checkm-genome,"anvil: 1.2.0, 1.2.2"
chewbbaca,anvil: 2.8.5
chopper,anvil: 0.2.0
chromap,anvil: 0.2.2
cicero,anvil: 1.8.1
circexplorer2,anvil: 2.3.8
circlator,anvil: 1.5.5
circompara2,anvil: 0.1.2.1
circos,"anvil: 0.69.8
bridges-2: 0.69-9"
ciri2,anvil: 2.0.6
ciriquant,anvil: 1.1.2
clair3,"anvil: 0.1-r11, 0.1-r12"
clairvoyante,anvil: 1.02
clearcnv,anvil: 0.306
clever-toolkit,anvil: 2.4
clonalframeml,anvil: 1.11
clust,anvil: 1.17.0
clustalw,anvil: 2.1
cnvkit,anvil: 0.9.9-py
cnvnator,"anvil: 0.4.1
faster: 0.4.1"
coinfinder,anvil: 1.2.0
concoct,anvil: 1.1.0
control-freec,anvil: 11.6
cooler,anvil: 0.8.11
coverm,anvil: 0.6.1
covgen,anvil: 1.0.2
cramino,anvil: 0.9.6
crisprcasfinder,anvil: 4.2.20
crispresso2,"anvil: 2.2.8, 2.2.9, 2.2.10, 2.2.11a"
crispritz,anvil: 2.6.5
cross_match,anvil: 1.090518
crossmap,anvil: 0.6.3
csvkit,anvil: 1.1.1
csvtk,"anvil: 0.23.0, 0.25.0"
cue-login-env,"anvil: 1.1
delta: 1.0
expanse: cue-login-env"
cufflinks,"anvil: 2.2.1
expanse: 2.2.1"
cuttlefish,anvil: 2.1.1
cyvcf2,anvil: 0.30.14
das_tool,anvil: 1.1.6
datasets,anvil: datasets
dbg2olc,"anvil: 20180222, 20200723"
debreak,anvil: 1.3
deconseq,anvil: 0.4.3
deepbgc,"anvil: 0.1.26, 0.1.30"
deepconsensus,anvil: 0.2.0
deepsignal2,anvil: 0.1.2
deeptools,anvil: 3.5.1-py
deepvariant,"anvil: 1.0.0, 1.1.0"
delly,"anvil: 0.9.1, 1.0.3, 1.1.3, 1.1.5, 1.1.6"
dendropy,"anvil: 4.5.2
faster: 4.5.2"
diamond,"anvil: 2.0.13, 2.0.14, 2.0.15, 2.1.6
expanse: 0.9.25
faster: 2.0.13, 2.1.0"
dnaapler,anvil: 0.1.0
dnaio,anvil: 0.8.1
dragonflye,"anvil: 1.0.13, 1.0.14"
drep,anvil: 3.2.2
drop-seq,anvil: 2.5.2
dropest,anvil: 0.8.6
dsuite,"anvil: 0.4.r43, 0.5.r44"
easysfs,anvil: 1.0
edta,"anvil: 1.9.6, 2.0.0"
eggnog-mapper,anvil: 2.1.7
emboss,"anvil: 6.6.0
expanse: 6.6.0
faster: 6.6.0-Java-13, 6.6.0"
ensembl-vep,"anvil: 106.1, 107.0, 108.2"
epic2,"anvil: 0.0.51, 0.0.52"
evidencemodeler,anvil: 1.1.1
exonerate,"anvil: 2.4.0
faster: 2.4.0"
expansionhunter,anvil: 4.0.2
fasta3,anvil: 36.3.8
fastani,"anvil: 1.32, 1.33
bridges-2: 1.33"
fastp,"anvil: 0.20.1, 0.23.2
expanse: vihdvcu"
fastq-scan,anvil: 1.0.0
fastq_pair,anvil: 1.0
fastspar,anvil: 1.0.0
faststructure,anvil: 1.0-py27
fastx-toolkit,"anvil: 0.0.14
bridges-2: 0.0.14
expanse: 0.0.14"
fastx_toolkit,anvil: 0.0.14
filtlong,anvil: 0.2.1
flye,"anvil: 2.9, 2.9.1, 2.9.2"
fq,anvil: 0.10.0
fraggenescan,anvil: 1.31
fraggenescanrs,anvil: 1.1.0
freebayes,"anvil: 1.3.5, 1.3.6
faster: 1.3.4-linux-static-AMD64"
freyja,"anvil: 1.3.11, 1.4.2"
fseq,anvil: 2.0.3
ftp,anvil: 0.17
funannotate,"anvil: 1.8.10, 1.8.13
bridges-2: 1.8.9"
fwdpy11,anvil: 0.18.1
gadma,anvil: 2.0.0rc21
gambit,anvil: 0.5.0
gamma,"anvil: 1.4, 2.2"
gangstr,anvil: 2.5.0
gapfiller,anvil: 2.1.2
gapit,anvil: 3.3
gatk4,"anvil: 4.2.0, 4.2.5.0, 4.2.6.1, 4.3.0.0"
gemma,anvil: 0.98.3
gemoma,anvil: 1.7.1
genemark,"anvil: 4.68, 4.69"
genemarks-2,anvil: 1.14_1.25
genmap,anvil: 1.3.0
genomedata,anvil: 1.5.0
genomepy,"anvil: 0.12.0, 0.14.0"
genomescope2,anvil: 2.0
genomicconsensus,anvil: 2.3.3
genrich,anvil: 0.6.1
getorganelle,anvil: 1.7.7.0
gfaffix,anvil: 0.1.4
gfastats,"anvil: 1.2.3, 1.3.6"
gfatools,anvil: 0.5
gffcompare,anvil: 0.11.2
gffread,anvil: 0.12.7
gffutils,anvil: 0.11.1
gimmemotifs,anvil: 0.17.1
glimmer,anvil: 3.02
glimmerhmm,anvil: 3.0.4
glnexus,anvil: 1.4.1
gmap,"anvil: 2021.05.27, 2021.08.25"
gmt,anvil: 6.1.0
goatools,"anvil: 1.1.12, 1.2.3"
gpaw,anvil: 21.1.0
grads,anvil: 2.2.1
graphlan,anvil: 1.1.3
graphmap,anvil: 0.6.3
gridss,anvil: 2.13.2
gseapy,anvil: 0.10.8
gtdbtk,"anvil: 1.7.0, 2.1.0"
gubbins,"anvil: 3.2.0, 3.3"
guppy,"anvil: 6.0.1, 6.5.7
bridges-2: 6.0.0, 6.5.7"
gurobi,"anvil: 9.5.1
bridges-2: 9.1.1, 9.5.0
delta: 10.0.1"
hadoop,"anvil: 3.3.0
expanse: bfyu354"
hail,"anvil: 0.2.94, 0.2.98"
hap.py,anvil: 0.3.9
helen,anvil: 1.0
hic-pro,"anvil: 3.0.0, 3.1.0"
hicexplorer,anvil: 3.7.2
hifiasm,"anvil: 0.16.0, 0.18.5
faster: 0.19.4-r575"
homer,"anvil: 4.11
bridges-2: 4.11.0"
homopolish,anvil: 0.4.1
how_are_we_stranded_here,anvil: 1.0.1
hpctoolkit,anvil: 2021.03.01
htstream,anvil: 1.3.3
hyper-shell,anvil: 2.0.2
hyphy,anvil: 2.5.36
hypo,anvil: 1.0.3
idba,anvil: 1.1.3
igenomes,anvil: 2023-04-26
igv,"anvil: 2.11.9, 2.12.3
faster: 2.9.4-Java-11"
impute2,anvil: 2.3.2
infernal,"anvil: 1.1.4
bridges-2: 1.1.3"
instrain,"anvil: 1.5.7, 1.6.3"
intarna,anvil: 3.3.1
intel-mkl,"anvil: 2019.5.281, 2020.4.304
bridges-2: 2023.2.0
expanse: flrwt2m, ..."
interproscan,"anvil: 5.54_87.0, 5.61-93.0
faster: 5.52-86.0"
iqtree,"anvil: 1.6.12, 2.1.2, 2.2.0_beta, 2.2.2.2"
iqtree2,"anvil: 2.2.2.6, 2.2.2.9"
ismapper,anvil: 2.0.2
isoquant,anvil: 3.1.2
isoseq3,"anvil: 3.4.0, 3.7.0, 3.8.2"
ivar,"anvil: 1.3.1, 1.4.2"
jcvi,"anvil: 1.2.7, 1.3.1"
jupyter,anvil: 2.0.0
kaiju,anvil: 1.8.2
kakscalculator2,anvil: 2.0.1
kallisto,"anvil: 0.46.2, 0.48.0
expanse: bdaqnwj"
kentutils,anvil: 302.1.0
khmer,anvil: 3.0.0a3
kissde,anvil: 1.15.3
kissplice,anvil: 2.6.2
kissplice2refgenome,anvil: 2.0.8
kma,anvil: 1.4.3
kmc,anvil: 3.2.1
kmer-jellyfish,anvil: 2.3.0
kmergenie,anvil: 1.7051
kneaddata,anvil: 0.10.0
kover,anvil: 2.0.6
krakentools,anvil: 1.2
lambda,anvil: 2.0.0
last,"anvil: 1268, 1356, 1411, 1418"
lastz,anvil: 1.04.15
launcher,anvil: 3.9
ldhat,anvil: 2.2a
ldjump,anvil: 0.3.1
ldsc,anvil: 1.0.1
learning,anvil: conda-2021.05-py38-gpu
libflame,"anvil: 5.2.0
faster: 5.2.0"
libmesh,anvil: 1.6.2
libszip,anvil: 2.1.1
libv8,anvil: 6.7.17
libx11,"anvil: 1.7.0
delta: 1.8.4"
libxscrnsaver,anvil: 1.2.2
liftoff,anvil: 1.6.3
liftofftools,anvil: 0.4.4
lima,anvil: 2.2.0
links,anvil: 2.0.1
lofreq,anvil: 2.1.5
longphase,anvil: 1.4
longqc,anvil: 1.2.0c
lra,anvil: 1.3.2
ltr_finder,anvil: 1.07
ltrpred,anvil: 1.1.0
lumpy-sv,anvil: 0.3.1
lyveset,anvil: 2.0.1
macrel,anvil: 1.2.0
macs2,anvil: 2.2.7.1
macs3,anvil: 3.0.0a6
mageck,"anvil: 0.5.9.5
faster: 0.5.9.4"
magicblast,anvil: 1.5.0
maker,"anvil: 2.31.11, 3.01.03"
manta,anvil: 1.6.0
mapcaller,anvil: 0.9.9.41
mapdamage2,anvil: 2.2.1
marginpolish,anvil: 0.1.3
mash,anvil: 2.3
mashmap,anvil: 2.0-pl5321
mashtree,anvil: 1.2.0
masurca,"anvil: 4.0.9, 4.1.0
faster: 4.0.5"
mauve,"anvil: 2.4.0
faster: 2015.02.13-linux-x64-Java-1.8"
maxbin2,anvil: 2.2.7
maxquant,"anvil: 2.1.0.0, 2.1.3.0, 2.1.4.0, 2.3.1.0"
mcl,"anvil: 14.137-pl5262
faster: 14.137"
mcscanx,anvil: default
medaka,"anvil: 1.6.0
faster: 1.1.3-Python-3.7.4"
meep,anvil: 1.20.0
megadepth,anvil: 1.2.0
megahit,"anvil: 1.2.9
faster: 1.2.9"
megan,anvil: 6.21.7
meme,"anvil: 5.3.3, 5.4.1, 5.5.0"
memes,anvil: 1.1.2
meraculous,anvil: 2.2.6
merqury,anvil: 1.3
meryl,anvil: 1.3
mesa-glu,anvil: 9.0.2
metabat,anvil: 2.15-5
metachip,anvil: 1.10.12
metaphlan,"anvil: 3.0.9, 3.0.14, 4.0.2"
metaseq,anvil: 0.5.6
methyldackel,anvil: 0.6.1
metilene,anvil: 0.2.8
mhm2,anvil: 2.0.0
microbedmm,anvil: 1.0
minialign,"anvil: 0.5.3
bridges-2: 0.6.0"
miniasm,anvil: 0.3_r179
minimap2,"anvil: 2.22, 2.24, 2.26
faster: 2.17, 2.20, 2.23"
minipolish,anvil: 0.1.3
miniprot,"anvil: 0.3, 0.7"
mirdeep2,"anvil: 2.0.1.3
expanse: 0.0.8"
mirtop,anvil: 0.4.25
mitofinder,anvil: 1.4.1
ml-toolkit-cpu,anvil: 2.6.0
mlst,"anvil: 2.22.0, 2.23.0"
mmseqs2,"anvil: 13.45111, 14.7e284"
mob_suite,anvil: 3.0.3
modbam2bed,anvil: 0.9.1
modeltest-ng,anvil: 0.1.7
modtree,"anvil: cpu, gpu"
momi,anvil: 2.1.19
monitor,anvil: 2.3.1
mothur,"anvil: 1.46.0, 1.47.0, 1.48.0
faster: 1.48.0"
motus,anvil: 3.0.3
mrbayes,"anvil: 3.2.7a, 3.2.7
expanse: yb5nz2z, 37w3iix"
multiqc,"anvil: 1.11, 1.14
faster: 1.14"
mummer4,anvil: 4.0.0rc1-pl5262
muscle,"anvil: 3.8.1551, 5.1
faster: 5.1.0"
mutmap,anvil: 2.3.3
mvapich2,"anvil: 2.3.6
bridges-2: 2.3.5-gcc8.3.1, 2.3.5-intel20.4
expanse: iyjtn3x
kyric: 2.3.2"
mykrobe,anvil: 0.11.0
n50,anvil: 1.5.6
nanofilt,"anvil: 2.8.0
faster: 2.6.0-Python-3.7.4"
nanolyse,anvil: 1.2.0
nanoplot,"anvil: 1.39.0
bridges-2: 1.42.0"
nanopolish,"anvil: 0.13.2, 0.14.0"
ncbi-amrfinderplus,"anvil: 3.10.30, 3.10.42, 3.11.2"
ncbi-datasets,anvil: 14.3.0
ncbi-genome-download,anvil: 0.3.1
ncbi-table2asn,anvil: 1.26.678
ncview,"anvil: 2.1.8
bridges-2: 2.1.8
expanse: znk6ds3"
netcdf-c,"anvil: 4.7.4
delta: 4.9.2
expanse: b46x2ce, ckis4fg, ..."
netcdf-cxx4,"anvil: 4.3.1
expanse: azfjcyx, d5kubqf, ..."
netlib-lapack,"anvil: 3.8.0
delta: 3.11.0
expanse: d4fs3fg, ..."
neusomatic,anvil: 0.2.1
nextalign,anvil: 1.10.3
nextclade,anvil: 1.10.3
nextdenovo,"anvil: 2.5.2
faster: 2.5.0"
nextflow,"anvil: 21.10.0, 22.10.1
bridges-2: 21.10.6
faster: 22.10.6-Java-13, 22.10.6"
nextpolish,"anvil: 1.4.1
faster: 1.4.1"
nf-core,"anvil: 2.7.2, 2.8"
ngs-bits,anvil: 2022_04
ngsld,anvil: 1.1.1
ngsutils,anvil: 0.5.9
nwchem,"anvil: 7.0.2
bridges-2: 7.0.2, 7.2.2
delta: 7.2.2
expanse: qogdxxi"
octave,"anvil: 6.3.0
bridges-2: 6.2.0
expanse: xpjroyg
faster: 7.1.0"
odgi,anvil: 0.8.3
openjdk,"anvil: 11.0.8_10
delta: 1.8.0_392-b08
expanse: xkfgsx7, 27cv2ps"
orthofinder,"anvil: 2.5.2, 2.5.4, 2.5.5"
paml,"anvil: 4.9
faster: 4.10.5, 4.10.7"
panacota,anvil: 1.3.1
panaroo,anvil: 1.2.10
pandaseq,anvil: 2.11
pandora,anvil: 0.9.1
pangolin,"anvil: 3.1.20, 4.0.6, 4.1.2, 4.1.3, 4.2"
pangraph,anvil: 0.7.1
panphlan,anvil: 3.1
parafly,anvil: r2013
parallel,"anvil: 20200822
delta: 20220522
expanse: kn7agtl, sqru6rr
faster: 20190922, 20220722"
parallel-fastq-dump,anvil: 0.6.7
parallel-netcdf,"anvil: 1.11.2
bridges-2: 1.12.1
delta: 1.12.3
expanse: bcptzln, ..."
parliament2,anvil: 0.1.11
parsnp,anvil: 1.6.2
pasapipeline,anvil: 2.5.2-devb
pasta,anvil: 1.8.7
pblat,anvil: 2.5.1
pbmm2,anvil: 1.7.0
pbptyper,anvil: 1.0.4
pcangsd,"anvil: 1.10
faster: 1.10"
peakranger,anvil: 1.18
pepper_deepvariant,anvil: r0.4.1
perl-bioperl,"anvil: 1.7.2-pl526, 1.7.6
expanse: iiuhykx"
pggb,anvil: 0.5.4
phast,anvil: 1.5
phd2fasta,anvil: 0.990622
phg,anvil: 1.0
phipack,anvil: 1.1
phrap,anvil: 1.090518
phred,anvil: 0.071220.c
phylofisher,"anvil: 1.2.7, 1.2.9"
phylosuite,anvil: 1.2.3
picard,"anvil: 2.25.1, 2.25.7, 2.26.10
bridges-2: 2.23.2
expanse: a75eytg
faster: 2.25.1-Java-11"
picrust2,"anvil: 2.4.2, 2.5.0"
pilon,"anvil: 1.24
bridges-2: 1.24
faster: 1.23-Java-11"
pindel,anvil: 0.2.5b9
pirate,anvil: 1.0.4
piscem,anvil: 0.4.3
pixy,anvil: 1.2.7
plasmidfinder,anvil: 2.1.6
platon,anvil: 1.6
platypus,"anvil: 0.8.1
faster: 1.1.0"
plink,"anvil: 1.90b6.21
expanse: 1.07
faster: 2.00a3.1"
plink2,anvil: 2.00a2.3
plotsr,anvil: 0.5.4
pomoxis,anvil: 0.3.9
poppunk,"anvil: 2.5.0, 2.6.0"
popscle,anvil: 0.1b
pplacer,anvil: 1.1.alpha19
prinseq,anvil: 0.20.4
prodigal,"anvil: 2.6.3
bridges-2: 2.6.3"
prokka,"anvil: 1.14.6
bridges-2: 1.14.5"
proteinortho,anvil: 6.0.33
prothint,anvil: 2.6.0
pullseq,anvil: 1.0.2
purge_dups,anvil: 1.2.6
pvactools,anvil: 3.0.1
py-mpi4py,"anvil: 3.0.3
expanse: cllp7nt, kas2whp, ..."
pyani,"anvil: 0.2.11, 0.2.12"
pybedtools,anvil: 0.9.0
pybigwig,"anvil: 0.3.18
faster: 0.3.18"
pychopper,anvil: 2.5.0
pycoqc,anvil: 2.5.2
pyensembl,anvil: 1.9.4
pyfaidx,"anvil: 0.6.4
faster: 0.7.0"
pygenometracks,anvil: 3.7
pygenomeviz,"anvil: 0.2.2, 0.3.2"
pyranges,anvil: 0.0.115
pyvcf3,anvil: 1.0.3
qemu,"anvil: 4.1.1, 6.2.0"
qt,"anvil: 5.15.2
expanse: 5.15.2"
qtlseq,anvil: 2.2.3
qualimap,anvil: 2.2.1
quantum-espresso,"anvil: 6.7, 7.2
expanse: zl3kj67"
quantum_espresso,"anvil: v6.6a1, v6.7, v7.1"
quast,"anvil: 5.0.2, 5.2.0"
quickmirseq,anvil: 1.0
r-cellchat,anvil: 1.5.0
r-rnaseq,"anvil: 4.1.1-1-rstudio, 4.1.1-1"
r-rstudio,anvil: 4.1.1
r-scrnaseq,"anvil: 4.1.1-1-rstudio, 4.1.1-1, 4.2.0-rstudio, 4.2.0, 4.2.3-rstudio"
racon,"anvil: 1.4.20, 1.5.0
faster: 1.4.13"
ragout,anvil: 2.3
ragtag,anvil: 2.1.0
rapmap,anvil: 0.6.0
rasusa,"anvil: 0.6.0, 0.7.0"
raven-assembler,anvil: 1.8.1
raxml,"anvil: 8.2.12
bridges-2: 8.2.9
expanse: pfjuuas
faster: 8.2.12-pthreads-avx2"
raxml-ng,"anvil: 1.1.0
expanse: x6syxpi
faster: 1.0.2, 1.1.0, 1.2.0"
reapr,anvil: 1.0.18
rebaler,anvil: 0.2.0
reciprocal_smallest_distance,anvil: 1.1.7
recycler,anvil: 0.7
regtools,anvil: 1.0.0
repeatmasker,anvil: 4.1.2
repeatmodeler,"anvil: 2.0.2, 2.0.3"
repeatscout,anvil: 1.0.6
resfinder,anvil: 4.1.5
revbayes,"anvil: 1.1.1
faster: 1.2.1"
rmats,anvil: 4.1.1
rmats2sashimiplot,anvil: 2.0.4
rnaindel,anvil: 3.0.9
rnapeg,anvil: 2.7.1
rnaquast,anvil: 2.2.1
roary,"anvil: 3.13.0
faster: 3.13.0"
rsem,"anvil: 1.3.3
faster: 1.3.3"
rseqc,anvil: 4.0.0
rstudio,"anvil: 2021.09.0
expanse: 1.4.1103
jetstream: 2022.12.1+364"
run_dbcan,"anvil: 3.0.2, 3.0.6"
rush,anvil: 0.4.2
sage,anvil: 0.8.1
salmon,"anvil: 1.5.2, 1.6.0, 1.7.0, 1.8.0, 1.9.0, 1.10.1
expanse: vf4i7ra
faster: 1.9.0"
sambamba,"anvil: 0.8.2
faster: 0.7.1"
samblaster,"anvil: 0.1.26
expanse: 0.1.24
faster: 0.1.26"
samclip,anvil: 0.4.0
samplot,anvil: 1.3.0
scanpy,"anvil: 1.8.2, 1.9.1"
scarches,anvil: 0.5.3
scgen,anvil: 2.1.0
scirpy,anvil: 0.10.1
scvelo,anvil: 0.2.4
scvi-tools,anvil: 0.16.2
segalign,anvil: 0.1.2
seidr,anvil: 0.14.2
sepp,"anvil: 4.5.1
faster: 4.5.1"
seqcode,anvil: 1.0
seqkit,"anvil: 2.0.0, 2.1.0, 2.3.1"
seqyclean,anvil: 1.10.09
shapeit4,anvil: 4.2.2
shapeit5,anvil: 5.1.1
shasta,anvil: 0.10.0
shigeifinder,anvil: 1.3.2
shorah,anvil: 1.99.2
shortstack,anvil: 3.8.5
shovill,anvil: 1.1.0
sicer,anvil: 1.1
sicer2,"anvil: 1.0.3, 1.2.0"
signalp4,anvil: 4.1
signalp6,"anvil: 6.0-fast, 6.0-slow"
simug,anvil: 1.0.0
singlem,anvil: 0.13.2
ska,anvil: 1.0
skewer,anvil: 0.2.2
slamdunk,anvil: 0.4.3
smoove,anvil: 0.2.7
snakemake,"anvil: 6.8.0
faster: 7.22.0"
snap,anvil: 2013_11_29
snap-aligner,anvil: 2.0.0
snaptools,anvil: 1.4.8
snippy,anvil: 4.6.0
snp-dists,anvil: 0.8.2
snp-sites,anvil: 2.5.1
snpeff,"anvil: 5.1d, 5.1"
snpgenie,anvil: 1.0
snphylo,anvil: 20180901
snpsift,anvil: 4.3.1t
soapdenovo2,"anvil: 2.40
expanse: 240"
sortmerna,"anvil: 2.1b, 4.3.4"
souporcell,anvil: 2.0
sourmash,"anvil: 4.3.0, 4.5.0"
spaceranger,"anvil: 1.3.0, 1.3.1, 2.0.0"
spark,"anvil: 3.1.1
bridges-2: 3.0.1-hadoop2.7
expanse: sntnkcq
faster: 3.2.1"
spice-server,anvil: 0.15.2
sprod,anvil: 1.0
squeezemeta,anvil: 1.5.1
squid,anvil: 1.5
sra-tools,anvil: 2.11.0-pl5262
sratoolkit,"anvil: 2.10.9
expanse: rn4humf, uv6bewx"
srst2,anvil: 0.2.0
stacks,"anvil: 2.60
expanse: 2.3b
faster: 2.64"
staramr,anvil: 0.7.1
starfusion,anvil: 1.11b
stream,anvil: 1.0
stringdecomposer,anvil: 1.1.2
stringtie,"anvil: 2.1.7, 2.2.1
expanse: ja7rx6c"
strique,anvil: 0.4.2
structure,"anvil: 2.3.4
faster: 2.3.4-Java-1.8-GUI"
subread,"anvil: 1.6.4, 2.0.1"
survivor,anvil: 1.0.7
svaba,anvil: 1.1.0
svtools,anvil: 0.5.1
svtyper,"anvil: 0.7.1
faster: 0.5.2-Python-2.7.16"
swat,anvil: 1.090518
syri,anvil: 1.6
t-coffee,anvil: 13.45.0.4846264
talon,anvil: 5.0
targetp,anvil: 2.0
tassel,anvil: 5.0
taxonkit,anvil: 0.9.0
tetranscripts,anvil: 2.2.1
tiara,anvil: 1.0.2
tigmint,anvil: 1.2.6
tobias,anvil: 0.13.3
tombo,anvil: 1.5.1
tophat,"anvil: 2.1.1-py27, 2.1.2"
totalview,anvil: 2020.2.6
tpmcalculator,"anvil: 0.0.3, 0.0.4"
transabyss,anvil: 2.0.1
transdecoder,anvil: 5.5.0
transrate,anvil: 1.0.3
transvar,anvil: 2.5.9
trax,anvil: 1.0.0
treetime,"anvil: 0.8.6, 0.9.4"
trim-galore,"anvil: 0.6.7, 0.6.10"
trimal,"anvil: 1.4.1
faster: 1.4.1"
trimmomatic,"anvil: 0.39
bridges-2: 0.39
expanse: gcr46gz"
trinity,"anvil: 2.12.0, 2.13.2, 2.14.0, 2.15.0
bridges-2: 2.11.0, 2.15.1
expanse: 2.6.6"
trinotate,anvil: 3.2.2
trnascan-se,"anvil: 2.0.9
bridges-2: 2.0.7"
trtools,anvil: 5.0.1
trust4,anvil: 1.0.7
trycycler,"anvil: 0.5.0, 0.5.3, 0.5.4"
ucsc_genome_toolkit,anvil: 369
umi_tools,anvil: 1.1.4
unicycler,anvil: 0.5.0
usefulaf,anvil: 0.9.2
util-linux-uuid,anvil: 2.38.1
vadr,"anvil: 1.4.1, 1.4.2, 1.5"
vardict-java,anvil: 1.8.3
varlociraptor,anvil: 4.11.4
varscan,"anvil: 2.4.2, 2.4.4"
vartrix,anvil: 1.1.22
vatools,anvil: 5.0.1
vcf-kit,"anvil: 0.2.6, 0.2.9"
vcf2maf,"anvil: 1.6.21
bridges-2: 1.6.21"
vcf2phylip,anvil: 2.8
vcf2tsvpy,anvil: 0.6.0
vcftools,"anvil: 0.1.14, 0.1.16
bridges-2: 0.1.16
expanse: 0.1.14
faster: 0.1.16"
velocyto.py,anvil: 0.17.17
velvet,anvil: 1.2.10
veryfasttree,anvil: 3.2.1
vg,anvil: 1.40.0
viennarna,anvil: 2.5.0
visit,"anvil: 3.1.4
bridges-2: 3.1.2, 3.1.4
delta: 3.3.3
faster: 3.2.1"
vlc,anvil: 3.0.9.2
vsearch,"anvil: 2.19.0, 2.21.1, 2.22.1"
wannier90,"anvil: 3.1.0
expanse: rhwr6rq, 4b3fvlj
faster: 3.1.0"
weblogo,anvil: 3.7.8
whatshap,anvil: 1.4
wiggletools,anvil: 1.2.11
winnowmap,anvil: 2.03
wtdbg,anvil: 2.5
xalt,"anvil: 2.10.45
jetstream: 3.0.1"
xcb-util-image,anvil: 0.4.0
xcb-util-keysyms,anvil: 0.4.0
xcb-util-renderutil,anvil: 0.3.9
xcb-util-wm,anvil: 0.4.1
autodock,anvil: 2020.06
cuda-quantum,anvil: 0.4.0
cuquantum-appliance,anvil: 23.03
ml-toolkit-gpu,anvil: 2.6.0
ngc,anvil: default
rapidsai,"anvil: 21.06, 21.10"
relion,"anvil: 3.1.0, 3.1.2, 3.1.3
expanse: lm35hes, ruhnkxi"
torchani,anvil: 2021.04
ai,"bridges-2: pytorch_23.02-1.13.1-py3, tensorflow_23.02-2.10.0-py3"
abinit,"bridges-2: 9.4.2-intel
expanse: q47zuuw
faster: 9.4.2, 9.6.2"
blat,"bridges-2: 36
expanse: 35"
checkm,bridges-2: 1.1.3
genemark-es,bridges-2: 4.65
knime,bridges-2: 5.2.1
meme-suite,bridges-2: 5.4.1
mentorgraphics,bridges-2: tessent.2022.1
must,bridges-2: 1.5-intel
star-fusion,"bridges-2: 1.9.1, 1.11.1"
tiger,bridges-2: 5.32.1
allocations,bridges-2: 1.0
anaconda2,bridges-2: 2019.10
ansys,"bridges-2: 201, 212, 221, 222
faster: 2022R2"
aocl,bridges-2: 3.1.0
arriba,bridges-2: 2.3.0
asciinema,"bridges-2: 2.0.2, 2.1.0"
bat,bridges-2: 0.23.0
bioformats,bridges-2: 6.10.1
comsol,bridges-2: 6.1
ddt,"bridges-2: 20.1.3, 20.2.1, 23.0.3"
dealii,"bridges-2: 9.2.0, 9.3.1"
desmond,"bridges-2: 2020.4
faster: 2020-1, 2021-1"
fastq-tools,bridges-2: 0.8
flash,"bridges-2: 1.2.11
faster: 2.2.00"
gamess,"bridges-2: 2020
expanse: eo5efva"
gaussian,"bridges-2: G16_RevC01
expanse: 16.C.01-cuda, 16.C.01
faster: g16_B01, g16_C01"
gent,bridges-2: 1.0.0
guppy-gpu,bridges-2: 6.0.1
hashdeep,bridges-2: 4.4
irods-icommands,bridges-2: 4.3.0
intel-advisor,bridges-2: 2023.2.0
intel-ccl,bridges-2: 2021.10.0
intel-compiler,bridges-2: 2023.2.1
intel-compiler-rt,bridges-2: 2023.2.1
intel-compiler-rt32,bridges-2: 2023.2.1
intel-compiler32,bridges-2: 2023.2.1
intel-dal,bridges-2: 2023.2.0
intel-debugger,bridges-2: 2023.2.0
intel-dev-utilities,bridges-2: 2021.10.0
intel-dnnl,bridges-2: 2023.2.0
intel-dnnl-cpu-gomp,bridges-2: 2023.2.0
intel-dnnl-cpu-iomp,bridges-2: 2023.2.0
intel-dnnl-cpu-tbb,bridges-2: 2023.2.0
intel-dpct,bridges-2: 2023.2.0
intel-dpl,bridges-2: 2022.2.0
intel-icc,bridges-2: 2023.2.1
intel-icc32,bridges-2: 2023.2.1
intel-inspector,bridges-2: 2023.2.0
intel-ipp-ia32,bridges-2: 2021.9.0
intel-ipp-intel64,bridges-2: 2021.9.0
intel-ippcp-ia32,bridges-2: 2021.8.0
intel-ippcp-intel64,bridges-2: 2021.8.0
intel-itac,bridges-2: 2021.10.0
intel-mkl32,bridges-2: 2023.2.0
intel-mpi,"bridges-2: 2021.10.0
expanse: ezrfjne, ..."
intel-oclfpga,bridges-2: 2023.2.1
intel-oneapi,"bridges-2: 2023.2.1
jetstream: 2023.0.0"
intel-tbb,"bridges-2: 2021.10.0
delta: 2021.9.0
expanse: 2020.3"
intel-tbb32,bridges-2: 2021.10.0
intel-vtune,bridges-2: 2023.2.0
intelmpi,"bridges-2: 20.4-intel20.4, 2021.3.0-intel2021.3.0, ..."
lazygit,bridges-2: 0.28.2
lowcharts,bridges-2: 0.4.2
mc,bridges-2: 4.8.26
methylpy,bridges-2: 1.4.3
mkl,"bridges-2: 2020.4.304
kyric: latest, 2021.1.1"
mlflow,bridges-2: 24.02-2.10.2
ncdu,bridges-2: 1.15.1
orca,"bridges-2: 4.1.2, 5.0.1
expanse: 2nqnnmq
faster: 5.0.3, 5.0.4"
phdf5,"bridges-2: 1.10.7-openmpi4.0.2-intel20.4, ..."
phylip-suite,bridges-2: 3.697
porechop,bridges-2: 0.2.4
psc.allocations.user,bridges-2: 1.0
rclone,"bridges-2: 1.55.1, 1.61.1
expanse: gud2qb5, mldjorr
faster: 1.63.1-amd64"
rich,bridges-2: 1.8.0
rnaview,bridges-2: latest
visidata,bridges-2: 2.11
xdinfo,bridges-2: 1.5-1
xdresourceid,bridges-2: 1.0-2
xdusage,bridges-2: 2.1-2
xit,bridges-2: 2.11
zoltan,bridges-2: 3.83
amduprof,"delta: 3.5, 3.6, 4.0
expanse: 3.4.475"
intel_ai_toolkit,delta: 2023.1
prgenv-cray,delta: 8.4.0
prgenv-gnu,delta: 8.4.0
prgenv-nvhpc,delta: 8.4.0
prgenv-nvidia,delta: 8.4.0
anaconda3_rcpu,delta: 22.9.0
anaconda3_cpu,"delta: 23.3.1, 23.7.4"
anaconda3_gpu,"delta: 22.10.0, 23.3.1, ..."
anaconda3_mi100,"delta: 4.14.0, 23.7.4"
anaconda3_x86_64,"delta: 23.3.1, 23.7.4"
atop,delta: 2.5.0
atp,delta: 3.15.1
banner,delta: 1.3.5
cce,delta: 16.0.1
cce-mixed,delta: 16.0.1
conda-env,delta: cegan-py3.9.18
cpe,delta: 23.09
cpe-cuda,delta: 23.09
cray-r,delta: 4.2.1.2
cray-ccdb,delta: 5.0.1
cray-cti,delta: 2.18.1
cray-dsmml,delta: 0.2.2
cray-dyninst,delta: 12.3.0
cray-fftw,delta: 3.3.10.5
cray-hdf5,delta: 1.12.2.5
cray-libpals,delta: 1.2.12
cray-libsci,delta: 23.09.1.1
cray-mrnet,delta: 5.1.1
cray-netcdf,delta: 4.9.0.5
cray-openshmemx,delta: 11.6.1
cray-pals,delta: 1.2.12
cray-pmi,delta: 6.1.12
cray-python,delta: 3.10.10
cray-stat,delta: 4.12.1
craype,delta: 2.7.23
craype-accel-amd-gfx908,delta: craype-accel-amd-gfx908
craype-accel-amd-gfx90a,delta: craype-accel-amd-gfx90a
craype-accel-amd-gfx940,delta: craype-accel-amd-gfx940
craype-accel-host,delta: craype-accel-host
craype-accel-intel-max,delta: craype-accel-intel-max
craype-accel-ncsa,delta: 1.0
craype-accel-nvidia70,delta: craype-accel-nvidia70
craype-accel-nvidia80,delta: craype-accel-nvidia80
craype-arm-grace,delta: craype-arm-grace
craype-hugepages128m,delta: craype-hugepages128M
craype-hugepages16m,delta: craype-hugepages16M
craype-hugepages1g,delta: craype-hugepages1G
craype-hugepages256m,delta: craype-hugepages256M
craype-hugepages2g,delta: craype-hugepages2G
craype-hugepages2m,delta: craype-hugepages2M
craype-hugepages32m,delta: craype-hugepages32M
craype-hugepages4m,delta: craype-hugepages4M
craype-hugepages512m,delta: craype-hugepages512M
craype-hugepages64m,delta: craype-hugepages64M
craype-hugepages8m,delta: craype-hugepages8M
craype-network-none,delta: craype-network-none
craype-network-ofi,delta: craype-network-ofi
craype-network-ucx,delta: craype-network-ucx
craype-x86-genoa,delta: craype-x86-genoa
craype-x86-milan,delta: craype-x86-milan
craype-x86-milan-x,delta: craype-x86-milan-x
craype-x86-rome,delta: craype-x86-rome
craype-x86-spr,delta: craype-x86-spr
craype-x86-spr-hbm,delta: craype-x86-spr-hbm
craype-x86-trento,delta: craype-x86-trento
craypkg-gen,delta: 1.3.30
default,delta: default
default-s11,delta: default-s11
dos2unix,delta: 7.4.4
gcc-native,"delta: 10.3, 11.2"
gcc-native-mixed,"delta: 10.3, 11.2"
gcc-runtime,"delta: 8.5.0, 11.4.0"
gdb4hpc,delta: 4.15.1
gh,"delta: 2.32.1
expanse: eytgnon, mkz3uxl"
gthumb,delta: 3.12.0
gurobi-dev,delta: 10.0.3
htop,"delta: 3.2.2
faster: 2.0.0, 2.0.1, 3.0.5"
inputproto,delta: 2.3.2
intel-oneapi-advisor,delta: 2024.0.0
intel-oneapi-compilers,"delta: 2022.2.1, ..."
intel-oneapi-mkl,delta: 2024.0.0
intel-oneapi-mpi,delta: 2021.11.0
ior,"delta: 3.3.0
expanse: c3prdsv, c5wdybp, fbtdgli, ..."
iperf3,delta: 3.6
kbproto,delta: 1.0.7
kokkos,"delta: 4.2.00
expanse: e7hbnuz, phogmfw"
libaio,"delta: 0.3.113
faster: 0.3.111"
libbsd,delta: 0.11.7
libice,delta: 1.1.1
libjpeg,delta: 9e
libmd,delta: 1.0.4
libnsl,"delta: 2.0.0
faster: 1.3.0"
libsm,delta: 1.2.4
libxau,delta: 1.0.8
libxcb,delta: 1.14
libxdmcp,delta: 1.1.4
libxt,delta: 1.3.0
lzma,delta: 4.32.7
matlab_unlicensed,delta: 2021b
mdtest,delta: 1.9.3
muparser,delta: 2.3.4
mvapich,delta: 3.0
mvapich-3.0rc_s11,delta: 3.0rc
namd3,"delta: 2022.07.multicore_cuda, 2022.07.multinode_cuda, ..."
ncftp,delta: 3.2.6
ndiff,delta: 2.00
netlib-scalapack,"delta: 2.2.0
expanse: gbhcfir, ..."
node,delta: 21.2.0
nvhpc_latest,delta: 22.11
openmpi+cuda,delta: 4.1.5+cuda
openmpi-5.0_beta,"delta: 5.0.0rc8, 5.0.0rc9"
perftools,delta: perftools
perftools-base,delta: 23.09.0
perftools-lite,delta: perftools-lite
perftools-lite-events,delta: perftools-lite-events
perftools-lite-gpu,delta: perftools-lite-gpu
perftools-lite-hbm,delta: perftools-lite-hbm
perftools-lite-loops,delta: perftools-lite-loops
perftools-preload,delta: perftools-preload
posix2ime,delta: 2020.1
r_flexiblas,delta: 4.3.3
readline,"delta: 8.2
expanse: 8.0"
sanitizers4hpc,delta: 1.1.1
slurm-env,delta: 0.1
tinker-hp,delta: 1.2+cuda
valgrind4hpc,delta: 2.13.1
westpa,delta: 2022.03
xclock,delta: 1.1.1
xerces-c,delta: 3.2.4
xextproto,delta: 7.3.0
xtrans,delta: 1.4.0
defaultmodules,expanse: DefaultModules
abaqus,"expanse: 2018.bk, 2018, 2021hf7"
accessusage,expanse: 0.5-1
adios2,"expanse: f2ejleg, m6x3v7o, ..."
adol-c,"expanse: hjqerr7, qygdtvg, ..."
aocl-sparse,expanse: fg4cxoj
aria2,"expanse: d7r7iaa, q32jtg2
faster: 1.35.0"
arm-forge,expanse: 21.0.1-linux-x86_64
arrayfire,expanse: pl6gadm
beast1,"expanse: a4ztrbb, uuirrt3"
bedtools2,expanse: 5anbfkq
berkeley-db,expanse: 18.1.40
byacc,expanse: master
cereal,expanse: 1.3.0
charmpp,"expanse: ldvm3k4, ukcmwdo, ..."
cm-pmix3,expanse: 3.1.7
cmjob,expanse: cmjob
cpu,"expanse: 0.15.4, 0.17.3b"
cuda-dcgm,expanse: 3.1.3.1
darshan-runtime,expanse: 3.2.1
darshan-util,expanse: 3.2.1
default-environment,expanse: default-environment
dftbplus,expanse: 19.1-openblas
docker,expanse: 20.10.21
entrezdirect,"expanse: u7oel2n, ..."
exabayes,expanse: 1.5.1
freesurfer,"expanse: 7.1.1, 7.2.0"
gaussian09,"expanse: 09.D.01, 09.E.01"
gcc-nvptx,expanse: 11.3.1
gmap-gsnap,expanse: 2020-06-01
gpu,"expanse: 0.15.4, 0.17.3b"
grace,expanse: 5.1.25
hpl,"expanse: bok66cm, de4t44f-omp, iyq74za, ...
faster: 2.3"
idl,expanse: 8.4
iq-tree,expanse: lvmeedg-omp
jags,"expanse: 4.3.0
faster: 4.3.0"
jellyfish,expanse: xvw2ec7
libbeagle,"expanse: ehdtbyb, tiy67sq"
libmatheval,"expanse: jsjx3uu, ...
faster: 1.1.11"
molden,"expanse: nk3z4vy
faster: 7.1"
mpip,"expanse: aowedam, blkwu65, mjhw2bi, ..."
nbo,expanse: 7.0-openblas
netcdf-cxx,expanse: 4.2
neuron,expanse: njfqyq5
nostack,"expanse: 0.15.4, 0.17.3b"
p7zip,expanse: 16.02
pciutils,expanse: 3.7.0
pgi,"expanse: 18.10, 19.7, 20.4"
py-ase,expanse: 2ixsfhj
py-cached-property,expanse: 1.5.1
py-cftime,expanse: 1.0.3.4-openblas
py-cutadapt,expanse: 2.9
py-cycler,expanse: 0.10.0
py-cython,"expanse: esmiigw, y4pzeb6"
py-dask,"expanse: cfmqvjc, 5t23vge"
py-dendropy,expanse: 4.3.0
py-et-xmlfile,expanse: 1.0.1
py-gsd,expanse: 1.9.3
py-h5py,"expanse: e4777ka, h6lkxjq, ..."
py-htseq,expanse: 0.11.2-openblas
py-jdcal,expanse: 1.3
py-jupyter-core,"expanse: a52dnrz, ..."
py-jupyterlab,"expanse: fbrlmmt, ..."
py-kiwisolver,expanse: 1.1.0
py-matplotlib,"expanse: rx5vgow, ..."
py-netcdf4,"expanse: bvbhsk4, fzrdssl, ..."
py-numba,expanse: qpdtmeb
py-numexpr,expanse: 2.7.0-openblas
py-numpy,"expanse: awdtafk, 4o6jrav"
py-openpyxl,expanse: 3.0.3
py-pandas,"expanse: cdn7ah3, xzzqb4t"
py-petsc4py,"expanse: gxzt2bj, ..."
py-phonopy,expanse: 1.10.0-openblas
py-pillow-simd,expanse: 7.0.0.post3
py-pip,"expanse: c6jrr5x, mddhf7t"
py-pybind11,expanse: 2.5.0
py-pycuda,expanse: gxy44zn
py-pyparsing,expanse: 2.4.2
py-pysam,expanse: 0.15.2-openblas
py-pyscf,expanse: 7cmdavf
py-python-dateutil,expanse: 2.8.0
py-pytz,expanse: 2019.3
py-pyyaml,expanse: 5.3.1
py-scikit-learn,"expanse: ec2ajge-omp, ..."
py-scikit-optimize,"expanse: pnkwe7q, ..."
py-scipy,"expanse: kbp2eyv, u7skc52"
py-seaborn,"expanse: inf4toq, 2ow3eva"
py-setuptools,"expanse: eefp7mw, ..."
py-setuptools-scm,expanse: 4.1.2
py-six,expanse: 1.14.0
py-slepc4py,"expanse: l4pxu6f, ..."
py-statsmodels,"expanse: idrw2sz, ..."
py-sympy,"expanse: g2ihkby, 3y3e3ac"
py-tables,expanse: 3.6.1-openblas
py-virtualenv,"expanse: 4kzv6ad, ..."
py-xlrd,expanse: 1.2.0
qchem,"expanse: rytxnwj
faster: 5.3.2-openmp, 5.4.0-openmp"
qrupdate,"expanse: h2h5pdu
faster: 1.1.2"
r-acepack,expanse: 1.4.1-openblas
r-affy,expanse: 1.62.0-openblas
r-affyio,expanse: 1.54.0-openblas
r-annotate,expanse: 1.62.0-openblas
r-annotationdbi,expanse: 1.46.1-openblas
r-askpass,expanse: 1.1-openblas
r-assertthat,expanse: 0.2.1-openblas
r-backports,expanse: 1.1.4-openblas
r-base64,expanse: 2.0-openblas
r-base64enc,expanse: 0.1-3-openblas
r-beanplot,expanse: 1.2-openblas
r-bh,expanse: 1.69.0-1-openblas
r-bibtex,expanse: 0.4.2-openblas
r-biobase,expanse: 2.44.0-openblas
r-biocgenerics,expanse: 0.34.0-openblas
r-biocmanager,expanse: 1.30.10-openblas
r-biocparallel,expanse: 1.18.1-openblas
r-biomart,expanse: 2.40.5-openblas
r-biostrings,expanse: 2.52.0-openblas
r-bit,expanse: 1.1-14-openblas
r-bit64,expanse: 0.9-7-openblas
r-bitops,expanse: 1.0-6-openblas
r-blob,expanse: 1.2.0-openblas
r-bumphunter,expanse: 1.26.0-openblas
r-checkmate,expanse: 1.9.4-openblas
r-cli,expanse: 2.0.2-openblas
r-clipr,expanse: 0.7.0-openblas
r-cluster,expanse: 2.1.0-openblas
r-codetools,expanse: 0.2-16-openblas
r-colorspace,expanse: 1.4-1-openblas
r-crayon,expanse: 1.3.4-openblas
r-curl,expanse: 4.3-openblas
r-data-table,expanse: 1.12.8-openblas
r-dbi,expanse: 1.1.0-openblas
r-delayedarray,expanse: 0.10.0-openblas
r-delayedmatrixstats,expanse: 1.6.1-openblas
r-deseq2,expanse: 1.32.0-openblas
r-digest,expanse: 0.6.25-openblas
r-doparallel,expanse: 1.0.15-openblas
r-dorng,expanse: 1.7.1-openblas
r-dplyr,expanse: 0.8.3-openblas
r-ellipsis,expanse: 0.3.0-openblas
r-evaluate,expanse: 0.14-openblas
r-fansi,expanse: 0.4.0-openblas
r-fdb-infiniummethylation-hg19,expanse: ...
r-foreach,expanse: 1.4.7-openblas
r-foreign,expanse: 0.8-72-openblas
r-formatr,expanse: 1.7-openblas
r-formula,expanse: 1.2-3-openblas
r-futile-logger,expanse: 1.4.3-openblas
r-futile-options,expanse: 1.0.1-openblas
r-genefilter,expanse: 1.72.1-openblas
r-geneplotter,expanse: 1.62.0-openblas
r-genomeinfodb,expanse: 1.20.0-openblas
r-genomeinfodbdata,expanse: 1.2.1-openblas
r-genomicalignments,expanse: 1.20.1-openblas
r-genomicfeatures,expanse: 1.36.4-openblas
r-genomicranges,expanse: 1.36.1-openblas
r-geoquery,expanse: 2.52.0-openblas
r-ggplot2,expanse: 3.2.0-openblas
r-glue,expanse: 1.4.1-openblas
r-gridbase,expanse: 0.4-7-openblas
r-gridextra,expanse: 2.3-openblas
r-gtable,expanse: 0.3.0-openblas
r-hdf5array,expanse: 1.12.3-openblas
r-highr,expanse: 0.8-openblas
r-hmisc,expanse: 4.4-0-openblas
r-hms,expanse: 0.5.0-openblas
r-htmltable,expanse: 1.13.1-openblas
r-htmltools,expanse: 0.3.6-openblas
r-htmlwidgets,expanse: 1.3-openblas
r-httpuv,expanse: 1.5.1-openblas
r-httr,expanse: 1.4.1-openblas
r-illuminaio,expanse: 0.26.0-openblas
r-iranges,expanse: 2.22.2-openblas
r-iterators,expanse: 1.0.12-openblas
r-jpeg,expanse: 0.1-8.1-openblas
r-jsonlite,expanse: 1.6.1-openblas
r-kernsmooth,expanse: 2.23-15-openblas
r-knitr,expanse: 1.28-openblas
r-labeling,expanse: 0.3-openblas
r-lambda-r,expanse: 1.2.3-openblas
r-later,expanse: 0.8.0-openblas
r-lattice,expanse: 0.20-38-openblas
r-latticeextra,expanse: 0.6-28-openblas
r-lazyeval,expanse: 0.2.2-openblas
r-limma,expanse: 3.40.6-openblas
r-locfit,expanse: 1.5-9.1-openblas
r-lumi,expanse: 2.38.0-openblas
r-magrittr,expanse: 1.5-openblas
r-maptools,expanse: 0.9-5-openblas
r-markdown,expanse: 1.1-openblas
r-mass,expanse: 7.3-51.5-openblas
r-matrix,expanse: 1.2-17-openblas
r-matrixstats,expanse: 0.55.0-openblas
r-mclust,expanse: 5.4.5-openblas
r-memoise,expanse: 1.1.0-openblas
r-methylumi,expanse: 2.32.0-openblas
r-mgcv,expanse: 1.8-28-openblas
r-mime,expanse: 0.7-openblas
r-minfi,expanse: 1.30.0-openblas
r-misc3d,expanse: 0.8-4-openblas
r-multtest,expanse: 2.40.0-openblas
r-munsell,expanse: 0.5.0-openblas
r-nleqslv,expanse: 3.3.2-openblas
r-nlme,expanse: 3.1-141-openblas
r-nmf,expanse: 0.21.0-openblas
r-nnet,expanse: 7.3-12-openblas
r-nor1mix,expanse: 1.3-0-openblas
r-openssl,expanse: 1.4.1-openblas
r-org-hs-eg-db,expanse: 3.8.2-openblas
r-pillar,expanse: 1.4.2-openblas
r-pkgconfig,expanse: 2.0.2-openblas
r-pkgmaker,expanse: 0.27-openblas
r-plogr,expanse: 0.2.0-openblas
r-plyr,expanse: 1.8.4-openblas
r-png,expanse: 0.1-7-openblas
r-preprocesscore,expanse: 1.46.0-openblas
r-prettyunits,expanse: 1.0.2-openblas
r-progress,expanse: 1.2.2-openblas
r-promises,expanse: 1.0.1-openblas
r-purrr,expanse: 0.3.4-openblas
r-quadprog,expanse: 1.5-7-openblas
r-r6,expanse: 2.4.0-openblas
r-rcolorbrewer,expanse: 1.1-2-openblas
r-rcpp,expanse: 1.0.4.6-openblas
r-rcpparmadillo,expanse: 0.9.600.4.0-openblas
r-rcurl,expanse: 1.98-1.2-openblas
r-readr,expanse: 1.3.1-openblas
r-registry,expanse: 0.5-1-openblas
r-reshape,expanse: 0.8.8-openblas
r-reshape2,expanse: 1.4.3-openblas
r-rhdf5,expanse: 2.28.1-openblas
r-rhdf5lib,expanse: 1.6.3-openblas
r-rhtslib,expanse: 1.18.1-openblas
r-rlang,expanse: 0.4.6-openblas
r-rngtools,expanse: 1.4-openblas
r-rpart,expanse: 4.1-15-openblas
r-rsamtools,expanse: 2.2.1-openblas
r-rsqlite,expanse: 2.1.2-openblas
r-rstudioapi,expanse: 0.11-openblas
r-rtracklayer,expanse: 1.44.4-openblas
r-s4vectors,expanse: 0.26.1-openblas
r-scales,expanse: 1.0.0-openblas
r-scrime,expanse: 1.3.5-openblas
r-shiny,expanse: 1.3.2-openblas
r-siggenes,expanse: 1.58.0-openblas
r-snow,expanse: 0.4-3-openblas
r-sourcetools,expanse: 0.1.7-openblas
r-sp,expanse: 1.3-1-openblas
r-stringi,expanse: 1.4.3-openblas
r-stringr,expanse: 1.4.0-openblas
r-summarizedexperiment,expanse: 1.18.2-openblas
r-survival,expanse: 3.1-12-openblas
r-sys,expanse: 3.2-openblas
r-tibble,expanse: 2.1.3-openblas
r-tidyr,expanse: 0.8.3-openblas
r-tidyselect,expanse: 0.2.5-openblas
r-txdb-hsapiens-ucsc-hg19-knowngene,expanse: ...
r-utf8,expanse: 1.1.4-openblas
r-vctrs,expanse: 0.2.0-openblas
r-viridis,expanse: 0.5.1-openblas
r-viridislite,expanse: 0.3.0-openblas
r-withr,expanse: 2.2.0-openblas
r-xfun,expanse: 0.8-openblas
r-xml,expanse: 3.98-1.20-openblas
r-xml2,expanse: 1.3.2-openblas
r-xtable,expanse: 1.8-4-openblas
r-xvector,expanse: 0.24.0-openblas
r-yaml,expanse: 2.2.0-openblas
r-zeallot,expanse: 0.1.0-openblas
r-zlibbioc,expanse: 1.30.0-openblas
randfold,expanse: 2.0.1
sdsc,expanse: 1.0
shared,expanse: shared
siesta,expanse: a5jdqly
singularitypro,"expanse: 3.9, 3.11"
slurm,"expanse: current, 23.02.7"
sprng,"expanse: mutxzka, u2op57v, zydwds7, ..."
suite-sparse,"expanse: fypa67y, ..."
superlu-dist,"expanse: c3g2myi, ..."
superlu,"expanse: bhobnmr, ot4sttd, ..."
tabix,expanse: 2013-12-16
tau,"expanse: auogdal, s54anrs, uczbvde, ...
kyric: 2.29"
vasp6,expanse: nfkttop-omp
wps,"expanse: t4pczgv
faster: 4.3.1-dmpar"
cuda10.2,expanse: 10.2.89
cuda11.7,expanse: 11.7.1
aflow,faster: 3.2.11
amos,faster: 3.1.0
amphora2,faster: 20190730-Java-13-pthreads-avx2
aliview,faster: 1.28
arcade-learning-environment,"faster: 0.7.3, 0.8.1"
archive-zip,faster: 1.68
arviz,faster: 0.11.4
autodock-gpu,faster: 1.5.3-CUDA-11.3.1
autodock-vina,faster: 1.1.2-linux_x86
beast,"faster: 2.6.7, 2.7.3"
berkeley-upc,faster: 2022.10.0
bio-db-hts,faster: 3.01
botorch,faster: 0.6.0-Python-3.8.6
bottleneck,"faster: 1.3.2-Python-3.8.6, 1.3.2-Python-3.9.6"
cdat,faster: 8.2.1-Python-3.8.2
cesm,faster: 2.1.3
chapel,faster: 1.29.0-mpi
clang-aomp,faster: 4.5.0
clp,faster: 1.17.7
clustalw2,faster: 2.1
coinutils,faster: 2.11.6
compress-raw-zlib,faster: 2.202
cppunit,faster: 1.15.1
dbd-mysql,faster: 4.050-Perl-5.30.0
db_file,"faster: 1.855, 1.856, 1.858"
dft-d3,faster: 3.2.0
dalton,faster: 2020.0
devito,faster: 4.6.1-Python-3.8.2
dualsphysics,faster: 5.0.175-CUDA-11.4.1
esm,faster: 2.0.0
easybuild-faster,faster: 0
easybuild-faster-scratch,faster: 0
easybuild-faster-myeb,faster: 0
easybuild-faster-tmp,faster: 0
energyplus,"faster: 9.3.0, 23.1.0"
femzip-l,faster: 10.73
firestarter,faster: 2.0
fsa,faster: 1.15.9
fsl,faster: 6.0.5-slurm
fiji,faster: 2.9.0
foldseek,faster: 3-915ef7d-Linux64-avx2
freeimage,faster: 3.18.0
gcatools,faster: 1.0
gpy,faster: 1.10.0
gpytorch,faster: 1.6.0
gtk+,"faster: 3.24.13, 3.24.23"
getdist,faster: 1.4
gitpython,faster: 3.1.27
graalvm,"faster: 21.3.0, 22.2.0"
gradle,faster: 6.9.1
gymnasium,faster: 0.26.3
hdbscan,faster: 0.8.27
hossedu,faster: 2018
inq,faster: 20230821
jdftx,"faster: 1.7.0-CUDA-12.2.0, 1.7.0"
junit,faster: 4.12-Java-1.8
judy,faster: 1.0.5
knitro,"faster: 12.4, 13.2"
kraken,faster: 1.1.1
lsd2,faster: 2.4.1
lumpy,faster: 0.3.1-Python-2.7.16
lzo,faster: 2.10
latex,faster: texlive-2021
mainmast,faster: 1.0
matlab-engine,faster: 9.13.9-R2022b
moe,faster: 2022
moose,"faster: e70fe56913, 6f5b0e59e8"
mummer,"faster: 4.0.0beta2, 4.0.0rc1"
mariadb,"faster: 10.4.13, 10.5.8"
mathematica,faster: 13.2
mccortex,faster: 1.0.1
mujoco,"faster: 2.1.1, 2.2.2"
nccl-tests,faster: 2.13.6-CUDA-11.7.0
ngs,faster: 2.10.5
ngsadmix,faster: 32
nltk,"faster: 3.6.7, 3.7"
nvbio,faster: 2020.02.05-GCC-8.3.0-CUDA-10.1.243
nuitka,faster: 0.9.6
obitools3,faster: 3.0.1b8
ogdf,faster: dogwood-202202
open-data-cube-core,faster: 1.8.3-Python-3.8.2
openai-gym,"faster: 0.21.0, 0.26.2"
opencensus-python,faster: 0.8.0
openmx,faster: 3.9.9
optix,faster: 6.5.0
osi,faster: 0.108.7
phyml,faster: 3.3.20220408
ply,faster: 3.11
parallelfold,"faster: 2021.10.28, 2021.12.02"
pycharm,faster: 2022.2.3
pymc3,faster: 3.11.1
pyopencl,faster: 2020.2.2-Python-3.9.6
pypy,faster: 3.8-v7.3.7
pystan,faster: 2.19.1.1
pytorch3d,faster: 0.4.0-PyTorch-1.7.1
pyomo,faster: 6.4.2
r-bundle-bioconductor,faster: 3.14-R-4.1.2
rnalysis,"faster: 3.3.0, 3.8.0"
rocr-runtime,faster: 4.5.0
roct-thunk-interface,faster: 4.5.0
rocm-compilersupport,faster: 4.5.0
scnic,faster: 0.6.3
sip,faster: 6.8.1
smrt-link,faster: 11.0.0.146107-cli-tools-only
strumpack,faster: 6.1.0
sz,faster: 2.1.12.5
sz3,faster: 3.1.7
schrodinger,"faster: 2020-1, 2021-3"
scipy_tamu,faster: 2021.10-Python-3.8.6
seaview,faster: 5.0.5
seaborn,faster: 0.11.2
spack,faster: 0.17.2
speedseq,faster: 0.1.2-Python-2.7.16
tclap,faster: 1.2.5
taichi,faster: 1.2.1
thermo-calc,"faster: 2021.1, 2021.2, 2022.1"
transformers,faster: 4.2.1-Python-3.8.2
ucsctools,"faster: 2020.12.01-test, 2020.12.01, 2021.08.21"
vep,faster: 107
virtualgl,faster: 3.0
xtalopt,faster: r12.3
yaxt,"faster: 0.9.1, 0.9.2"
zebulon,"faster: z904, z912"
aesara,faster: 2.8.9
alsa-lib,faster: 1.2.8
arrow-r,"faster: 6.0.0.2-R-4.1.2, 8.0.0-R-4.2.1"
astropy,faster: 4.3.1
awscli,faster: 2.11.21
axl,faster: 20220413
bamkit,faster: 2017.04.12
beagle-lib,"faster: 3.1.2, 4.0.0"
biom-format,faster: 2.1.12
bohrium,faster: 0.11.0.post60
bpp,faster: 4.7.0
build,faster: 0.10.0
cobaya,faster: 3.2.2
code-server,"faster: 4.5.1, 4.8.3, 4.9.1, 4.19.1"
colossalai,"faster: 0.1.8-CUDA-11.3.1, 0.1.13-CUDA-11.3.1"
cusz,faster: 0.3.1
cytoolz,"faster: 0.9.0-Python-2.7.16, 0.12.0-Python-3.9.6"
dace,faster: 0.14.1
decona,faster: 0.1.2-Python-3.7.4
dlib,faster: 19.22-CUDA-11.3.1
dm-reverb,faster: 0.2.0
edlib,faster: 1.3.8.post1-Python-3.7.4
exo,faster: 4.18.0
fastcore,faster: 1.3.27
fdasrsf,faster: 2.3.12
futhark,faster: 0.19.5
grpc,faster: 1.44.0
garcon,faster: 4.18.0
gawk,"faster: 5.0.1, 5.1.1"
gdbm,faster: 1.18.1
geocube,faster: 0.0.14-Python-3.8.2
gobff,"faster: 2020b, 2021a"
gsd-vmd,faster: v0.4.0
hipsycl,faster: 0.9.3
hipify-clang,faster: 4.2.0
hyphen,faster: 20230104
iccifort,"faster: 2019.4.243, 2019.5.281, 2020.0.166, 2020.1.217, 2020.4.304"
iccifortcuda,faster: 2020b
iimkl,faster: 2022b
iimpic,faster: 2020b
intel-python,faster: 2022.1.0
intelcuda,faster: 2020b
iomkl,"faster: 2021a, 2022.00"
iompi,"faster: 2020b, 2021a, 2022.00"
lddt,faster: 1.2
lhsmdu,faster: 1.1
libcdms,faster: 3.1.2-Python-3.8.2
libcifpp,faster: 3.0.0
libdrs,faster: 3.1.2
libharu,faster: 2.3.0
libsigsegv,faster: 2.12
libssh,faster: 0.8.9
libwnck,faster: 43.0
libxfce4ui,faster: 4.18.0
libxfce4util,faster: 4.18.0
likwid,"faster: 5.2.1
kyric: 5.0.1"
lis,faster: 2.0.34
loopy,faster: 2020.2.1
mbuffer,faster: 20210328
mcoutbryk,faster: 2018.06.10
mkl-service,faster: 2.3.0
molmod,faster: 1.4.5-Python-3.8.2
mujoco-py,faster: 2.1.2.14
multichoose,faster: 1.0.3
netcdf-combined,"faster: 4.7.4, 4.8.1-gompi-2021b, 4.9.0, 4.9.2-gompi-2023a"
newick_utils,faster: 2.15.05
numexpr,"faster: 2.7.1-Python-3.8.6, 2.7.1-Python-3.9.6"
nv-codec-headers,faster: 11.1.5.2
nvcomp,faster: 2.2.0
oneapi,faster: oneAPI/2022.2.0
pandas,"faster: 1.3.1-Python-3.8.6, 1.4.0-Python-3.9.6"
parasail,faster: 2.4.1
pftoolsv3,faster: 3.2.11
php,faster: 8.2.0
pmi,faster: pmix-x86_64
popt,faster: 1.16
probtorch,faster: 0.1.0
pscom,faster: 5.4-default-CUDA-11.5.0
pv,faster: 1.7.24
pyro-api,faster: 0.1.2
pyro-ppl,faster: 1.5.2
pyspoa,faster: 0.0.4-Python-3.7.4
python-parasail,faster: 1.2-Python-3.7.4
qcat,faster: 1.1.0-Python-3.7.4
ragel,faster: 6.10
rasterio,"faster: 1.1.7-Python-3.8.2, 1.2.10"
rioxarray,"faster: 0.1.1-Python-3.8.2, 0.11.1"
rlwrap,faster: 0.45.2
rocm-cmake,faster: 4.5.0
rocm-smi,faster: 4.5.0
ruamel.yaml,faster: 0.17.21
scikit-bio,faster: 0.5.7
scikit-fda,faster: 0.7.1
scipy,faster: 1.4.1-Python-3.7.4
segmentation-models,faster: 1.0.1-Python-3.7.4
sparsehash,faster: 2.0.3
spoa,faster: 4.0.0
strace,faster: 5.14
tomli,faster: 2.0.1
torchinfo,faster: 1.5.2-PyTorch-1.7.1
ucsctest,faster: 1.0
unison,faster: 2.53.0
upcxx,"faster: 2020.3.0-CUDA-11.7.0, 2020.3.0, 2022.9.0"
vawk,faster: 0.0.1-Python-2.7.16
xfce4,faster: 4.18.0
xfce4-appfinder,faster: 4.18.0
xfce4-dev-tools,faster: 4.18.0
xfce4-panel,faster: 4.18.0
xfce4-settings,faster: 4.18.0
xfconf,faster: 4.18.0
xfdesktop,faster: 4.18.0
xfwm4,faster: 4.18.0
yaff,faster: 1.6.0-Python-3.8.2
zfp,faster: 0.5.5
apptainer,jetstream: 1.1.6
singularity,jetstream: 1.1.6
advisor,"kyric: latest, 2021.1.1"
autoconf-2.69-gcc-9.3.0-u65r6re,kyric: autoconf-2.69-gcc-9.3.0-u65r6re
autoconf-archive-2019.01.06-gcc-9.3.0-lrequrs,kyric: autoconf-archive-2019.01.06-gcc-9.3.0-lrequrs
automake-1.16.3-gcc-9.3.0-gqwwc3j,kyric: automake-1.16.3-gcc-9.3.0-gqwwc3j
berkeley-db-18.1.40-gcc-9.3.0-gdhsdtz,kyric: berkeley-db-18.1.40-gcc-9.3.0-gdhsdtz
bzip2-1.0.8-gcc-9.3.0-mhfuqd4,kyric: bzip2-1.0.8-gcc-9.3.0-mhfuqd4
ccl,"kyric: latest, 2021.1.1"
clck,"kyric: latest, 2021.1.1"
cmake-3.19.5-gcc-9.3.0-6hw3usg,kyric: cmake-3.19.5-gcc-9.3.0-6hw3usg
compiler,"kyric: latest, 2021.1.1"
compiler-rt,"kyric: latest, 2021.1.1"
compiler-rt32,"kyric: latest, 2021.1.1"
compiler32,"kyric: latest, 2021.1.1"
cryptsetup-2.3.1-gcc-9.3.0-bq4hfrl,kyric: cryptsetup-2.3.1-gcc-9.3.0-bq4hfrl
curl-7.74.0-gcc-9.3.0-e6rhv5y,kyric: curl-7.74.0-gcc-9.3.0-e6rhv5y
dal,"kyric: latest, 2021.1.1"
debugger,"kyric: latest, 10.0.0"
dev-utilities,"kyric: latest, 2021.1.1"
diffutils-3.7-gcc-9.3.0-sk5ev4k,kyric: diffutils-3.7-gcc-9.3.0-sk5ev4k
dimemas,kyric: 5.4.2
dnnl,"kyric: latest, 2021.1.1"
dnnl-cpu-gomp,"kyric: latest, 2021.1.1"
dnnl-cpu-iomp,"kyric: latest, 2021.1.1"
dnnl-cpu-tbb,"kyric: latest, 2021.1.1"
dpct,"kyric: latest, 2021.1.1"
dpl,"kyric: latest, 2021.1.1"
expat-2.2.10-gcc-9.3.0-dola2tn,kyric: expat-2.2.10-gcc-9.3.0-dola2tn
extrae,kyric: 3.7.0
fftw-3.3.9-gcc-9.3.0-7ffoo22,kyric: fftw-3.3.9-gcc-9.3.0-7ffoo22
gawk-5.1.0-gcc-9.3.0-is2xpxq,kyric: gawk-5.1.0-gcc-9.3.0-is2xpxq
gcc-10.2.0-gcc-9.3.0-prm4se2,kyric: gcc-10.2.0-gcc-9.3.0-prm4se2
gdbm-1.18.1-gcc-9.3.0-33qtrum,kyric: gdbm-1.18.1-gcc-9.3.0-33qtrum
gettext-0.21-gcc-9.3.0-x4s52y3,kyric: gettext-0.21-gcc-9.3.0-x4s52y3
git-2.29.0-gcc-9.3.0-3xgg4ng,kyric: git-2.29.0-gcc-9.3.0-3xgg4ng
gmp-6.1.2-gcc-9.3.0-hpbiokz,kyric: gmp-6.1.2-gcc-9.3.0-hpbiokz
gnu9,kyric: 9.3.0
go-1.16-gcc-9.3.0-ajolq4h,kyric: go-1.16-gcc-9.3.0-ajolq4h
go-bootstrap-1.4-bootstrap-20171003-gcc-9.3.0-wjszkk6,kyric: go-bootstrap-1.4-bootstrap-20171003-gcc-9.3.0-wjszkk6
gromacs-2021.4-gcc-9.3.0-odn2sfc,kyric: gromacs-2021.4-gcc-9.3.0-odn2sfc
hwloc-2.4.1-gcc-9.3.0-6l4b2ui,kyric: hwloc-2.4.1-gcc-9.3.0-6l4b2ui
icu4c-67.1-gcc-9.3.0-rxzi3va,kyric: icu4c-67.1-gcc-9.3.0-rxzi3va
imb,kyric: 2019.6
init_opencl,"kyric: latest, 2021.1.1"
inspector,"kyric: latest, 2021.1.1"
intel_ipp_ia32,"kyric: latest, 2021.1.1"
intel_ipp_intel64,"kyric: latest, 2021.1.1"
intel_ippcp_ia32,"kyric: latest, 2021.1.1"
intel_ippcp_intel64,"kyric: latest, 2021.1.1"
itac,"kyric: latest, 2021.1.1"
json-c-0.13.1-gcc-9.3.0-mpcyruj,kyric: json-c-0.13.1-gcc-9.3.0-mpcyruj
kyric,kyric: kyric/spack
libaio-0.3.110-gcc-9.3.0-n4f6zic,kyric: libaio-0.3.110-gcc-9.3.0-n4f6zic
libbsd-0.10.0-gcc-9.3.0-3feqfmu,kyric: libbsd-0.10.0-gcc-9.3.0-3feqfmu
libedit-3.1-20191231-gcc-9.3.0-vx2pxkm,kyric: libedit-3.1-20191231-gcc-9.3.0-vx2pxkm
libevent-2.1.12-gcc-9.3.0-3cujlr5,kyric: libevent-2.1.12-gcc-9.3.0-3cujlr5
libffi-3.3-gcc-9.3.0-k4ehr4i,kyric: libffi-3.3-gcc-9.3.0-k4ehr4i
libgpg-error-1.37-gcc-9.3.0-aezalnn,kyric: libgpg-error-1.37-gcc-9.3.0-aezalnn
libiconv-1.16-gcc-9.3.0-rh6ayrz,kyric: libiconv-1.16-gcc-9.3.0-rh6ayrz
libidn2-2.3.0-gcc-9.3.0-aqhzlnl,kyric: libidn2-2.3.0-gcc-9.3.0-aqhzlnl
libpciaccess-0.16-gcc-9.3.0-fcifgo6,kyric: libpciaccess-0.16-gcc-9.3.0-fcifgo6
libseccomp-2.3.3-gcc-9.3.0-qbxca3c,kyric: libseccomp-2.3.3-gcc-9.3.0-qbxca3c
libsigsegv-2.12-gcc-9.3.0-ieiqle7,kyric: libsigsegv-2.12-gcc-9.3.0-ieiqle7
libtool-2.4.6-gcc-9.3.0-nercunn,kyric: libtool-2.4.6-gcc-9.3.0-nercunn
libunistring-0.9.10-gcc-9.3.0-ht5mbj6,kyric: libunistring-0.9.10-gcc-9.3.0-ht5mbj6
libxml2-2.9.10-gcc-9.3.0-pwkeovr,kyric: libxml2-2.9.10-gcc-9.3.0-pwkeovr
lvm2-2.03.05-gcc-9.3.0-nkbdv7u,kyric: lvm2-2.03.05-gcc-9.3.0-nkbdv7u
m4-1.4.18-gcc-9.3.0-ry5xd5i,kyric: m4-1.4.18-gcc-9.3.0-ry5xd5i
mkl32,"kyric: latest, 2021.1.1"
mpc-1.1.0-gcc-9.3.0-vqwlz4l,kyric: mpc-1.1.0-gcc-9.3.0-vqwlz4l
mpfr-4.0.2-gcc-9.3.0-qfh5u7a,kyric: mpfr-4.0.2-gcc-9.3.0-qfh5u7a
mpi,"kyric: latest, 2021.1.1"
mpich,"kyric: 3.3.2-ofi, 3.3.2-ucx"
ncurses-6.2-gcc-9.3.0-mntyciy,kyric: ncurses-6.2-gcc-9.3.0-mntyciy
numactl-2.0.14-gcc-9.3.0-x4anv2g,kyric: numactl-2.0.14-gcc-9.3.0-x4anv2g
oclfpga,"kyric: latest, 2021.1.1"
ohpc,kyric: ohpc
omb,kyric: 5.6.2
openblas-0.3.13-gcc-9.3.0-mfzw4tk,kyric: openblas-0.3.13-gcc-9.3.0-mfzw4tk
openjdk-11.0.8_10-gcc-9.3.0-5ki5g5i,kyric: openjdk-11.0.8_10-gcc-9.3.0-5ki5g5i
openmpi-4.0.4-gcc-9.3.0-ejhqibc,kyric: openmpi-4.0.4-gcc-9.3.0-ejhqibc
openmpi-4.0.5-gcc-9.3.0-ylywa5h,kyric: openmpi-4.0.5-gcc-9.3.0-ylywa5h
openmpi4,kyric: 4.0.4
openssh-8.4p1-gcc-9.3.0-tp56hha,kyric: openssh-8.4p1-gcc-9.3.0-tp56hha
openssl-1.1.1j-gcc-9.3.0-cx56ot2,kyric: openssl-1.1.1j-gcc-9.3.0-cx56ot2
os,kyric: os
pcre2-10.35-gcc-9.3.0-wgo6kna,kyric: pcre2-10.35-gcc-9.3.0-wgo6kna
pdtoolkit,kyric: 3.25.1
perl-5.32.1-gcc-9.3.0-szd4bmj,kyric: perl-5.32.1-gcc-9.3.0-szd4bmj
pkgconf-1.7.3-gcc-9.3.0-djk4uwd,kyric: pkgconf-1.7.3-gcc-9.3.0-djk4uwd
popt-1.16-gcc-9.3.0-ijd34o6,kyric: popt-1.16-gcc-9.3.0-ijd34o6
prun,kyric: 2.0
py-cython-0.29.21-gcc-9.3.0-u73np4p,kyric: py-cython-0.29.21-gcc-9.3.0-u73np4p
py-setuptools-50.3.2-gcc-9.3.0-hrhyt55,kyric: py-setuptools-50.3.2-gcc-9.3.0-hrhyt55
python-3.8.8-gcc-9.3.0-55y3cuq,kyric: python-3.8.8-gcc-9.3.0-55y3cuq
python-3.9.0-gcc-9.3.0-33yxqey,kyric: python-3.9.0-gcc-9.3.0-33yxqey
r-4.0.4-gcc-9.3.0-y4fafhe,kyric: r-4.0.4-gcc-9.3.0-y4fafhe
readline-8.0-gcc-9.3.0-ek27n5r,kyric: readline-8.0-gcc-9.3.0-ek27n5r
scorep,kyric: 6.0
shadow-4.7-gcc-9.3.0-2hjnrcg,kyric: shadow-4.7-gcc-9.3.0-2hjnrcg
singularity-3.7.2-gcc-9.3.0-gpxljgj,kyric: singularity-3.7.2-gcc-9.3.0-gpxljgj
sqlite-3.34.0-gcc-9.3.0-k5dhzbj,kyric: sqlite-3.34.0-gcc-9.3.0-k5dhzbj
squashfs-4.4-gcc-9.3.0-kfis3v6,kyric: squashfs-4.4-gcc-9.3.0-kfis3v6
tar-1.32-gcc-9.3.0-nne6lsp,kyric: tar-1.32-gcc-9.3.0-nne6lsp
tbb32,"kyric: latest, 2021.1.1"
util-linux-2.36-gcc-9.3.0-otku36t,kyric: util-linux-2.36-gcc-9.3.0-otku36t
util-linux-uuid-2.36-gcc-9.3.0-syp6lh5,kyric: util-linux-uuid-2.36-gcc-9.3.0-syp6lh5
util-macros-1.19.1-gcc-9.3.0-cpxnkry,kyric: util-macros-1.19.1-gcc-9.3.0-cpxnkry
vpl,"kyric: latest, 2021.1.1"
xz-5.2.5-gcc-9.3.0-q5425k6,kyric: xz-5.2.5-gcc-9.3.0-q5425k6
zlib-1.2.11-gcc-9.3.0-mdobuge,kyric: zlib-1.2.11-gcc-9.3.0-mdobuge
zstd-1.4.5-gcc-9.3.0-46avrcd,kyric: zstd-1.4.5-gcc-9.3.0-46avrcd
